,typename,id,label,geometry,service,actor,date,horizontal_precision,vertical_precision
0,Bygning,1103723692,Building (gd),"Polygon;[587604.14, 587604.71, 587598.86, 587597.52, 587593.42, 587593.2, 587591.32, 587585.46, 587585.31, 587562.45, 587574.7, 587579.57, 587582.38, 587584.69, 587585.05, 587599.9, 587599.51, 587602.45, 587603.07, 587604.71, 587604.14],[6139502.37, 6139502.55, 6139521.89, 6139526.5, 6139540.03, 6139539.97, 6139546.73, 6139567.85, 6139568.29, 6139560.43, 6139524.78, 6139511.06, 6139498.5, 6139498.91, 6139496.9, 6139499.56, 6139501.43, 6139502.04, 6139500.0, 6139500.49, 6139502.37]",geodanmark,Niras A/S,2016-12-23T22:00:09.000000+01:00,0.10,0.15
1,Bygning,1071767127,Building (gd),"Polygon;[587653.84, 587671.88, 587673.97, 587674.07, 587669.52, 587669.64, 587661.65, 587661.37, 587657.79, 587650.48, 587653.84],[6139534.27, 6139540.62, 6139549.7, 6139549.99, 6139551.48, 6139551.8, 6139555.05, 6139554.6, 6139556.86, 6139543.77, 6139534.27]",geodanmark,Niras A/S,2015-02-24T09:21:15.000000+01:00,1.00,1.00
2,Bygning,1103723342,Building (gd),"Polygon;[587615.03, 587616.08, 587637.53, 587637.38, 587632.36, 587620.73, 587615.03],[6139513.52, 6139503.74, 6139507.02, 6139517.09, 6139516.37, 6139514.61, 6139513.52]",geodanmark,Niras A/S,2016-12-23T22:00:09.000000+01:00,1.00,1.00
3,Bygning,1103723504,Building (gd),"Polygon;[587510.94, 587510.53, 587509.72, 587506.59, 587493.59, 587497.68, 587498.19, 587505.17, 587507.42, 587506.31, 587513.02, 587517.94, 587515.75, 587513.96, 587514.96, 587513.33, 587510.94],[6139529.86, 6139530.77, 6139532.6, 6139539.96, 6139534.62, 6139524.95, 6139524.44, 6139527.3, 6139523.68, 6139522.99, 6139510.58, 6139513.24, 6139517.29, 6139520.06, 6139520.79, 6139524.46, 6139529.86]",geodanmark,Niras A/S,2016-12-23T22:00:09.000000+01:00,1.00,1.00
4,Bygning,1071740143,Building (gd),"Polygon;[587729.07, 587729.4, 587730.2, 587733.56, 587734.14, 587738.15, 587739.6, 587744.78, 587745.88, 587744.69, 587743.71, 587742.71, 587743.78, 587742.8, 587741.79, 587741.63, 587738.63, 587729.07],[6139637.95, 6139637.13, 6139635.03, 6139636.31, 6139634.78, 6139636.36, 6139632.71, 6139634.75, 6139635.19, 6139638.12, 6139637.72, 6139640.18, 6139640.61, 6139643.02, 6139642.61, 6139643.02, 6139641.81, 6139637.95]",geodanmark,Niras A/S,2015-02-24T09:21:15.000000+01:00,1.00,1.00
5,Bygning,1095491811,Building (gd),"Polygon;[587592.1, 587590.09, 587587.93, 587589.94, 587592.1],[6139709.86, 6139713.39, 6139712.15, 6139708.62, 6139709.86]",geodanmark,COWI,2016-04-14T18:11:15.000000+02:00,0.15,0.20
6,Bygning,1071767153,Building (gd),"Polygon;[587500.66, 587497.55, 587500.89, 587499.96, 587500.85, 587498.19, 587497.68, 587493.59, 587482.87, 587482.64, 587496.37, 587500.66],[6139511.21, 6139516.1, 6139518.22, 6139519.69, 6139520.25, 6139524.44, 6139524.95, 6139534.62, 6139529.11, 6139528.95, 6139508.34, 6139511.21]",geodanmark,Niras A/S,2015-02-24T09:21:15.000000+01:00,1.00,1.00
7,Bygning,1071767160,Building (gd),"Polygon;[587598.86, 587602.74, 587601.35, 587597.52, 587598.86],[6139521.89, 6139523.06, 6139527.66, 6139526.5, 6139521.89]",geodanmark,Niras A/S,2015-02-24T09:21:15.000000+01:00,0.10,0.15
8,Bygning,1071767164,Building (gd),"Polygon;[587564.95, 587574.7, 587562.45, 587551.79, 587555.79, 587561.08, 587565.75, 587561.84, 587564.95],[6139521.32, 6139524.78, 6139560.43, 6139556.76, 6139545.11, 6139546.88, 6139531.23, 6139529.29, 6139521.32]",geodanmark,Niras A/S,2015-02-24T09:21:15.000000+01:00,1.00,1.00
9,Bygning,1071768040,Building (gd),"Polygon;[587504.99, 587502.84, 587494.64, 587494.2, 587478.94, 587481.8, 587484.43, 587490.87, 587492.3, 587494.75, 587493.32, 587498.13, 587504.99],[6139592.44, 6139597.4, 6139606.25, 6139607.25, 6139600.64, 6139591.32, 6139583.71, 6139586.41, 6139582.99, 6139584.02, 6139587.44, 6139589.46, 6139592.44]",geodanmark,Niras A/S,2015-02-24T09:21:15.000000+01:00,1.00,1.00
10,Bygning,1071768044,Building (gd),"Polygon;[587576.91, 587575.37, 587549.85, 587547.62, 587528.75, 587540.94, 587585.39, 587576.91],[6139607.51, 6139606.89, 6139598.26, 6139604.85, 6139598.46, 6139568.18, 6139583.32, 6139607.51]",geodanmark,Niras A/S,2015-02-24T09:21:15.000000+01:00,1.00,1.00
11,Bygning,1071771279,Building (gd),"Polygon;[587731.53, 587724.3, 587722.39, 587725.56, 587735.05, 587734.61, 587731.7, 587730.86, 587733.23, 587732.53, 587734.06, 587731.53],[6139607.72, 6139604.76, 6139600.81, 6139589.09, 6139592.15, 6139594.09, 6139593.44, 6139597.18, 6139598.03, 6139598.99, 6139599.32, 6139607.72]",geodanmark,Niras A/S,2015-02-24T09:21:15.000000+01:00,1.00,1.00
12,Bygning,1071750157,Building (gd),"Polygon;[587688.09, 587687.19, 587679.64, 587693.03, 587691.26, 587702.54, 587707.72, 587700.05, 587701.99, 587694.69, 587688.09],[6139629.07, 6139628.49, 6139623.6, 6139598.43, 6139597.49, 6139578.48, 6139580.96, 6139601.52, 6139602.21, 6139618.13, 6139629.07]",geodanmark,Niras A/S,2015-02-24T09:21:15.000000+01:00,1.00,1.00
13,Bygning,1071750159,Building (gd),"Polygon;[587679.64, 587678.62, 587669.54, 587680.4, 587683.36, 587685.74, 587686.9, 587691.26, 587693.03, 587679.64],[6139623.6, 6139622.94, 6139617.05, 6139600.31, 6139601.87, 6139597.36, 6139595.17, 6139597.49, 6139598.43, 6139623.6]",geodanmark,Niras A/S,2015-02-24T09:21:15.000000+01:00,1.00,1.00
14,Bygning,1071750160,Building (gd),"Polygon;[587697.53, 587688.09, 587694.69, 587701.99, 587706.33, 587709.55, 587703.51, 587706.65, 587701.93, 587697.53],[6139635.2, 6139629.07, 6139618.13, 6139602.21, 6139590.09, 6139591.16, 6139609.32, 6139610.47, 6139627.85, 6139635.2]",geodanmark,Niras A/S,2015-02-24T09:21:15.000000+01:00,1.00,1.00
15,Bygning,1071750161,Building (gd),"Polygon;[587712.66, 587714.78, 587715.73, 587716.74, 587715.9, 587708.06, 587707.74, 587706.34, 587704.0, 587701.22, 587701.02, 587697.33, 587697.53, 587701.93, 587706.65, 587706.87, 587712.66],[6139611.22, 6139611.81, 6139611.31, 6139613.65, 6139613.96, 6139635.64, 6139635.5, 6139638.77, 6139639.4, 6139637.59, 6139637.9, 6139635.51, 6139635.2, 6139627.85, 6139610.47, 6139609.87, 6139611.22]",geodanmark,Niras A/S,2015-02-24T09:21:15.000000+01:00,1.00,1.00
16,Bygning,1071755631,Building (gd),"Polygon;[587625.82, 587624.44, 587622.94, 587604.78, 587608.5, 587615.56, 587613.55, 587615.59, 587622.95, 587624.18, 587625.82],[6139627.64, 6139630.52, 6139633.64, 6139624.65, 6139618.35, 6139622.31, 6139626.14, 6139625.32, 6139629.19, 6139626.85, 6139627.64]",geodanmark,Niras A/S,2015-02-24T09:21:15.000000+01:00,1.00,1.00
17,Bygning,1071755638,Building (gd),"Polygon;[587597.62, 587598.01, 587593.54, 587594.73, 587601.93, 587605.97, 587611.82, 587605.26, 587604.53, 587598.56, 587582.68, 587589.35, 587597.62],[6139656.15, 6139656.37, 6139664.17, 6139663.92, 6139668.12, 6139661.2, 6139664.61, 6139676.07, 6139675.65, 6139672.12, 6139662.74, 6139651.47, 6139656.15]",geodanmark,Niras A/S,2015-02-24T09:21:15.000000+01:00,1.00,1.00
18,Bygning,1071755640,Building (gd),"Polygon;[587598.56, 587604.53, 587596.8, 587590.71, 587593.43, 587596.05, 587598.56],[6139672.12, 6139675.65, 6139689.14, 6139685.7, 6139680.92, 6139676.37, 6139672.12]",geodanmark,Niras A/S,2015-02-24T09:21:15.000000+01:00,1.00,1.00
19,Bygning,1071755666,Building (gd),"Polygon;[587577.99, 587573.94, 587571.13, 587568.14, 587565.0, 587561.78, 587571.01, 587574.91, 587570.43, 587578.02, 587592.44, 587583.75, 587582.14, 587579.48, 587580.32, 587584.54, 587586.02, 587602.26, 587589.33, 587577.99],[6139770.06, 6139765.78, 6139762.99, 6139760.38, 6139757.97, 6139755.96, 6139739.58, 6139741.77, 6139749.07, 6139754.63, 6139727.74, 6139723.08, 6139726.07, 6139724.57, 6139723.09, 6139715.6, 6139713.01, 6139722.32, 6139748.27, 6139770.06]",geodanmark,Niras A/S,2015-02-24T09:21:15.000000+01:00,1.00,1.00
20,Bygning,1034235477,Building (gd),"Polygon;[587583.88, 587587.48, 587587.64, 587589.43, 587589.18, 587593.15, 587592.13, 587591.16, 587590.52, 587591.21, 587590.43, 587589.63, 587588.99, 587589.84, 587588.81, 587587.87, 587587.2, 587588.03, 587587.0, 587585.94, 587585.29, 587586.07, 587585.3, 587584.41, 587583.02, 587573.38, 587568.43, 587568.2, 587565.23, 587565.5, 587563.28, 587563.04, 587556.01, 587556.22, 587553.96, 587553.74, 587550.91, 587551.19, 587546.27, 587540.75, 587543.78, 587543.07, 587544.13, 587553.59, 587550.49, 587552.27, 587572.48, 587575.58, 587583.88],[6139437.97, 6139438.95, 6139438.37, 6139438.86, 6139439.78, 6139440.87, 6139444.57, 6139444.31, 6139446.63, 6139446.81, 6139449.65, 6139449.43, 6139451.76, 6139451.99, 6139455.77, 6139455.51, 6139457.97, 6139458.19, 6139461.95, 6139461.66, 6139464.05, 6139464.27, 6139467.09, 6139466.84, 6139471.91, 6139477.1, 6139475.67, 6139476.48, 6139475.62, 6139474.68, 6139474.04, 6139474.86, 6139472.84, 6139472.12, 6139471.47, 6139472.23, 6139471.42, 6139470.44, 6139469.02, 6139459.2, 6139448.98, 6139448.77, 6139445.19, 6139448.0, 6139458.42, 6139461.59, 6139467.45, 6139465.84, 6139437.97]",geodanmark,Niras A/S,2015-02-24T09:21:15.000000+01:00,0.10,0.15
21,Bygning,1103723510,Building (gd),"Polygon;[587646.22, 587638.79, 587638.19, 587636.76, 587635.46, 587634.45, 587633.88, 587633.84, 587634.35, 587635.3, 587636.38, 587641.46, 587642.46, 587663.62, 587666.57, 587666.02, 587657.1, 587658.14, 587656.88, 587657.6, 587658.93, 587660.94, 587663.07, 587661.0, 587658.71, 587653.09, 587646.22],[6139599.94, 6139595.12, 6139596.63, 6139595.62, 6139594.2, 6139592.39, 6139590.3, 6139588.1, 6139586.0, 6139584.16, 6139582.76, 6139579.65, 6139581.29, 6139568.35, 6139573.18, 6139575.03, 6139580.48, 6139581.86, 6139582.81, 6139584.16, 6139584.7, 6139579.76, 6139580.63, 6139585.55, 6139591.27, 6139590.4, 6139599.94]",geodanmark,Niras A/S,2016-12-23T22:00:09.000000+01:00,1.00,1.00
22,Bygning,1071767148,Building (gd),"Polygon;[587540.7, 587510.75, 587512.77, 587513.22, 587513.3, 587544.92, 587544.8, 587542.58, 587540.7],[6139509.36, 6139506.25, 6139496.48, 6139496.31, 6139495.41, 6139498.38, 6139499.54, 6139505.85, 6139509.36]",geodanmark,Niras A/S,2015-02-24T09:21:15.000000+01:00,0.10,0.15
23,Bygning,1071767158,Building (gd),"Polygon;[587514.81, 587514.06, 587505.86, 587506.59, 587509.72, 587510.53, 587515.64, 587517.96, 587514.81],[6139543.24, 6139545.08, 6139541.71, 6139539.96, 6139532.6, 6139530.77, 6139533.04, 6139533.85, 6139543.24]",geodanmark,Niras A/S,2015-02-24T09:21:15.000000+01:00,1.00,1.00
24,Bygning,1071771277,Building (gd),"Polygon;[587738.85, 587737.59, 587728.44, 587729.24, 587738.85],[6139581.2, 6139585.11, 6139582.17, 6139578.87, 6139581.2]",geodanmark,Niras A/S,2015-02-24T09:21:15.000000+01:00,1.00,1.00
25,Bygning,1071771426,Building (gd),"Polygon;[587742.63, 587749.37, 587749.47, 587754.45, 587757.85, 587762.2, 587767.55, 587778.27, 587774.51, 587780.25, 587788.26, 587799.54, 587783.16, 587781.64, 587778.89, 587777.06, 587775.19, 587773.55, 587761.98, 587753.22, 587741.94, 587739.85, 587739.17, 587738.65, 587738.6, 587739.73, 587742.63],[6139518.81, 6139518.79, 6139529.02, 6139529.13, 6139518.98, 6139518.81, 6139520.05, 6139522.36, 6139533.58, 6139535.86, 6139524.17, 6139526.95, 6139550.86, 6139552.63, 6139554.64, 6139555.36, 6139555.72, 6139555.64, 6139550.39, 6139547.27, 6139544.58, 6139542.76, 6139541.68, 6139539.71, 6139518.82, 6139518.82, 6139518.81]",geodanmark,Niras A/S,2015-02-24T09:21:15.000000+01:00,0.10,0.15
26,Bygning,1071750154,Building (gd),"Polygon;[587661.13, 587660.65, 587660.18, 587660.72, 587659.1, 587658.55, 587655.82, 587656.38, 587668.56, 587670.21, 587668.41, 587670.42, 587672.59, 587674.64, 587679.48, 587674.94, 587676.51, 587674.97, 587673.51, 587673.04, 587661.13],[6139611.4, 6139611.07, 6139610.76, 6139609.94, 6139608.88, 6139609.74, 6139607.97, 6139607.11, 6139586.19, 6139582.76, 6139581.89, 6139577.69, 6139578.73, 6139574.44, 6139576.76, 6139586.22, 6139586.97, 6139590.19, 6139589.18, 6139589.86, 6139611.4]",geodanmark,Niras A/S,2015-02-24T09:21:15.000000+01:00,1.00,1.00
27,Bygning,1071750156,Building (gd),"Polygon;[587669.54, 587668.05, 587661.13, 587673.04, 587676.82, 587677.64, 587679.04, 587678.24, 587682.79, 587683.08, 587685.74, 587683.36, 587680.4, 587669.54],[6139617.05, 6139616.08, 6139611.4, 6139589.86, 6139592.46, 6139591.27, 6139592.23, 6139593.38, 6139596.52, 6139595.96, 6139597.36, 6139601.87, 6139600.31, 6139617.05]",geodanmark,Niras A/S,2015-02-24T09:21:15.000000+01:00,1.00,1.00
28,Bygning,1071755632,Building (gd),"Polygon;[587615.64, 587617.77, 587610.68, 587608.29, 587600.52, 587600.21, 587604.78, 587622.94, 587618.58, 587615.64],[6139641.1, 6139637.33, 6139633.32, 6139636.93, 6139632.56, 6139632.38, 6139624.65, 6139633.64, 6139642.66, 6139641.1]",geodanmark,Niras A/S,2015-02-24T09:21:15.000000+01:00,1.00,1.00
29,Bygning,1071755636,Building (gd),"Polygon;[587606.91, 587604.73, 587601.11, 587602.41, 587604.92, 587608.53, 587606.91],[6139656.75, 6139660.54, 6139658.47, 6139656.21, 6139651.83, 6139653.91, 6139656.75]",geodanmark,Niras A/S,2015-02-24T09:21:15.000000+01:00,1.00,1.00
30,Bygning,1071755645,Building (gd),"Polygon;[587674.32, 587679.66, 587684.5, 587682.92, 587682.53, 587682.7, 587683.64, 587684.77, 587686.22, 587686.73, 587682.15, 587687.69, 587690.54, 587691.82, 587698.21, 587697.05, 587697.78, 587697.97, 587697.99, 587697.83, 587696.93, 587681.92, 587676.55, 587670.02, 587674.32],[6139661.25, 6139664.44, 6139656.34, 6139655.4, 6139654.67, 6139653.51, 6139652.81, 6139653.02, 6139653.89, 6139652.98, 6139649.23, 6139640.67, 6139642.85, 6139641.39, 6139647.0, 6139648.32, 6139648.97, 6139649.5, 6139649.93, 6139650.5, 6139651.52, 6139675.91, 6139672.28, 6139668.3, 6139661.25]",geodanmark,Niras A/S,2015-02-24T09:21:15.000000+01:00,1.00,1.00
31,Bygning,1071755648,Building (gd),"Polygon;[587653.87, 587656.79, 587661.37, 587663.77, 587668.47, 587676.55, 587681.92, 587671.39, 587665.3, 587652.32, 587653.87],[6139694.35, 6139688.62, 6139691.57, 6139687.83, 6139685.5, 6139672.28, 6139675.91, 6139693.01, 6139704.78, 6139696.91, 6139694.35]",geodanmark,Niras A/S,2015-02-24T09:21:15.000000+01:00,1.00,1.00
32,Bygning,1071767154,Building (gd),"Polygon;[587513.33, 587518.2, 587521.17, 587515.75, 587513.96, 587514.96, 587513.33],[6139524.46, 6139526.78, 6139519.51, 6139517.29, 6139520.06, 6139520.79, 6139524.46]",geodanmark,Niras A/S,2020-10-30T13:45:34.422000+01:00,1.00,1.00
33,Bygning,1071727920,Building (gd),"Polygon;[587709.29, 587709.84, 587707.23, 587706.93, 587700.5, 587700.67, 587700.43, 587699.68, 587698.73, 587697.74, 587697.08, 587696.95, 587691.78, 587692.04, 587691.55, 587689.89, 587689.03, 587688.73, 587683.78, 587681.13, 587705.95, 587706.01, 587707.9, 587709.29],[6139564.05, 6139566.45, 6139567.04, 6139565.73, 6139567.19, 6139567.94, 6139569.03, 6139569.77, 6139569.99, 6139569.63, 6139568.76, 6139568.19, 6139569.36, 6139570.5, 6139571.51, 6139571.82, 6139571.21, 6139570.05, 6139571.33, 6139561.06, 6139554.83, 6139555.21, 6139563.0, 6139564.05]",geodanmark,Niras A/S,2015-02-24T09:21:15.000000+01:00,1.00,1.00
34,Bygning,1071727921,Building (gd),"Polygon;[587706.01, 587713.87, 587725.42, 587726.23, 587726.9, 587727.42, 587727.74, 587727.81, 587722.65, 587713.7, 587716.74, 587715.77, 587713.95, 587709.29, 587707.9, 587706.01],[6139555.21, 6139553.9, 6139555.66, 6139555.98, 6139556.51, 6139557.2, 6139557.99, 6139559.0, 6139578.39, 6139575.82, 6139565.22, 6139563.69, 6139563.23, 6139564.05, 6139563.0, 6139555.21]",geodanmark,Niras A/S,2015-02-24T09:21:15.000000+01:00,1.00,1.00
35,Bygning,1071771424,Building (gd),"Polygon;[587739.73, 587739.66, 587742.56, 587742.63, 587739.73],[6139518.82, 6139515.13, 6139515.07, 6139518.81, 6139518.82]",geodanmark,Niras A/S,2015-02-24T09:21:15.000000+01:00,0.10,0.15
36,Bygning,1071755650,Building (gd),"Polygon;[587644.25, 587641.22, 587632.48, 587629.57, 587602.42, 587597.84, 587595.57, 587597.66, 587595.41, 587596.51, 587595.52, 587599.85, 587600.68, 587610.83, 587609.89, 587614.3, 587617.51, 587618.15, 587616.7, 587618.52, 587618.29, 587618.71, 587617.4, 587620.18, 587622.2, 587626.86, 587629.74, 587638.8, 587637.8, 587638.94, 587640.03, 587641.15, 587640.19, 587642.84, 587643.91, 587644.26, 587642.6, 587647.58, 587648.92, 587652.13, 587649.08, 587658.27, 587662.13, 587662.32, 587663.05, 587664.74, 587666.31, 587662.47, 587657.43, 587663.63, 587673.77, 587644.25],[6139681.11, 6139686.52, 6139702.17, 6139707.38, 6139755.98, 6139753.4, 6139752.18, 6139748.3, 6139747.08, 6139745.04, 6139744.51, 6139736.5, 6139736.95, 6139718.17, 6139717.66, 6139709.51, 6139711.25, 6139710.07, 6139709.28, 6139705.92, 6139705.8, 6139705.02, 6139704.31, 6139699.18, 6139700.27, 6139691.65, 6139693.21, 6139678.07, 6139677.47, 6139675.57, 6139676.22, 6139674.34, 6139673.77, 6139669.33, 6139669.97, 6139669.4, 6139668.4, 6139660.08, 6139660.88, 6139655.52, 6139653.7, 6139638.34, 6139637.89, 6139639.01, 6139638.92, 6139639.92, 6139637.26, 6139637.72, 6139634.47, 6139624.15, 6139630.93, 6139681.11]",geodanmark,COWI,2016-04-14T18:11:15.000000+02:00,0.15,0.20
37,Bygning,1071755659,Building (gd),"Polygon;[587568.31, 587574.72, 587590.71, 587596.8, 587597.61, 587591.28, 587591.05, 587584.49, 587588.23, 587580.97, 587578.94, 587584.7, 587582.87, 587568.6, 587568.31],[6139687.49, 6139676.65, 6139685.7, 6139689.14, 6139689.61, 6139700.66, 6139700.53, 6139696.6, 6139690.06, 6139685.9, 6139689.44, 6139692.73, 6139695.92, 6139687.66, 6139687.49]",geodanmark,Niras A/S,2016-04-14T18:11:15.000000+02:00,1.00,1.00
38,Bygning,1208792112,Building (gd),"Polygon;[587637.53, 587633.16, 587632.47, 587635.15, 587635.57, 587642.54, 587647.13, 587645.18, 587637.53],[6139645.1, 6139652.3, 6139653.44, 6139655.05, 6139654.35, 6139658.52, 6139650.86, 6139649.69, 6139645.1]",geodanmark,Niras A/S,2020-11-09T14:47:07.578000+01:00,1.00,1.00
39,Bygning,1071768033,Building (gd),"Polygon;[587515.05, 587506.74, 587504.99, 587498.13, 587508.33, 587493.47, 587493.82, 587497.93, 587518.06, 587519.59, 587515.05],[6139570.2, 6139588.41, 6139592.44, 6139589.46, 6139567.49, 6139561.2, 6139560.38, 6139550.66, 6139559.18, 6139559.73, 6139570.2]",geodanmark,Niras A/S,2015-02-24T09:21:15.000000+01:00,1.00,1.00
40,Bygning,1071768047,Building (gd),"Polygon;[587574.98, 587584.56, 587587.63, 587588.76, 587584.59, 587584.76, 587585.89, 587598.3, 587585.58, 587578.32, 587574.98],[6139629.93, 6139613.64, 6139615.42, 6139613.45, 6139611.04, 6139610.76, 6139607.68, 6139614.15, 6139636.12, 6139632.11, 6139629.93]",geodanmark,Niras A/S,2015-02-24T09:21:15.000000+01:00,1.00,1.00
41,Bygning,1071768048,Building (gd),"Polygon;[587564.83, 587566.22, 587568.27, 587568.52, 587568.94, 587569.48, 587575.3, 587576.11, 587572.59, 587574.98, 587578.32, 587585.58, 587587.09, 587584.93, 587583.35, 587582.47, 587583.78, 587581.98, 587580.77, 587564.83],[6139636.12, 6139633.72, 6139634.91, 6139634.47, 6139633.74, 6139634.05, 6139637.42, 6139636.02, 6139633.99, 6139629.93, 6139632.11, 6139636.12, 6139637.0, 6139640.73, 6139639.82, 6139641.34, 6139642.09, 6139645.2, 6139644.5, 6139636.12]",geodanmark,Niras A/S,2015-02-24T09:21:15.000000+01:00,1.00,1.00
42,Bygning,1071768049,Building (gd),"Polygon;[587580.77, 587580.44, 587575.87, 587575.65, 587554.43, 587557.98, 587557.12, 587558.29, 587559.15, 587559.25, 587564.83, 587580.77],[6139644.5, 6139645.07, 6139653.12, 6139653.49, 6139641.2, 6139635.07, 6139634.57, 6139632.56, 6139633.06, 6139632.89, 6139636.12, 6139644.5]",geodanmark,Niras A/S,2015-02-24T09:21:15.000000+01:00,1.00,1.00
43,Bygning,1071768050,Building (gd),"Polygon;[587549.44, 587554.43, 587575.65, 587577.28, 587573.44, 587571.67, 587570.49, 587549.44],[6139649.82, 6139641.2, 6139653.49, 6139654.43, 6139661.06, 6139660.04, 6139662.07, 6139649.82]",geodanmark,Niras A/S,2015-02-24T09:21:15.000000+01:00,1.00,1.00
44,Bygning,1071768051,Building (gd),"Polygon;[587570.49, 587571.88, 587568.21, 587566.9, 587545.52, 587544.36, 587548.43, 587549.44, 587570.49],[6139662.07, 6139662.88, 6139669.22, 6139668.45, 6139656.94, 6139656.26, 6139649.23, 6139649.82, 6139662.07]",geodanmark,Niras A/S,2015-02-24T09:21:15.000000+01:00,0.10,0.15
45,Bygning,1071768052,Building (gd),"Polygon;[587566.9, 587561.87, 587540.87, 587545.52, 587566.9],[6139668.45, 6139677.13, 6139664.97, 6139656.94, 6139668.45]",geodanmark,Niras A/S,2015-02-24T09:21:15.000000+01:00,1.00,1.00
46,Bygning,1071768053,Building (gd),"Polygon;[587534.96, 587540.87, 587561.87, 587555.92, 587534.96],[6139675.19, 6139664.97, 6139677.13, 6139687.41, 6139675.19]",geodanmark,Niras A/S,2015-02-24T09:21:15.000000+01:00,1.00,1.00
47,Bygning,1071768054,Building (gd),"Polygon;[587555.92, 587557.38, 587551.17, 587549.59, 587549.02, 587528.13, 587534.96, 587555.92],[6139687.41, 6139688.26, 6139699.0, 6139698.09, 6139699.08, 6139686.97, 6139675.19, 6139687.41]",geodanmark,Niras A/S,2015-02-24T09:21:15.000000+01:00,1.00,1.00
48,Bygning,1071768055,Building (gd),"Polygon;[587524.52, 587518.85, 587516.39, 587505.65, 587505.96, 587497.32, 587491.75, 587490.93, 587487.33, 587495.49, 587496.44, 587496.74, 587496.36, 587506.37, 587507.04, 587507.95, 587504.1, 587499.09, 587496.81, 587495.74, 587488.57, 587493.14, 587494.43, 587495.98, 587494.64, 587502.84, 587504.99, 587506.74, 587512.34, 587507.51, 587516.03, 587516.74, 587524.52],[6139606.51, 6139617.3, 6139616.18, 6139639.71, 6139640.04, 6139655.83, 6139653.19, 6139654.92, 6139653.22, 6139636.01, 6139636.45, 6139635.8, 6139635.63, 6139613.92, 6139614.21, 6139612.1, 6139610.43, 6139621.98, 6139621.0, 6139623.47, 6139620.36, 6139609.83, 6139610.39, 6139606.83, 6139606.25, 6139597.4, 6139592.44, 6139588.41, 6139590.44, 6139600.21, 6139604.42, 6139602.42, 6139606.51]",geodanmark,Niras A/S,2015-02-24T09:21:15.000000+01:00,1.00,1.00
49,Bygning,1071768058,Building (gd),"Polygon;[587543.73, 587536.97, 587520.47, 587516.04, 587521.21, 587527.13, 587528.64, 587543.73],[6139708.13, 6139720.12, 6139710.81, 6139708.31, 6139699.14, 6139702.47, 6139699.78, 6139708.13]",geodanmark,Niras A/S,2015-02-24T09:21:15.000000+01:00,1.00,1.00
50,Bygning,1071771274,Building (gd),"Polygon;[587730.44, 587734.07, 587737.05, 587754.62, 587770.03, 587771.09, 587765.4, 587765.02, 587764.72, 587756.95, 587755.14, 587745.06, 587741.97, 587740.42, 587730.44],[6139573.88, 6139558.87, 6139556.99, 6139561.71, 6139568.84, 6139572.27, 6139582.85, 6139582.64, 6139583.2, 6139578.97, 6139577.98, 6139572.46, 6139571.47, 6139576.29, 6139573.88]",geodanmark,Niras A/S,2015-02-24T09:21:15.000000+01:00,1.00,1.00
51,Bygning,1071771275,Building (gd),"Polygon;[587740.42, 587738.85, 587729.24, 587730.44, 587740.42],[6139576.29, 6139581.2, 6139578.87, 6139573.88, 6139576.29]",geodanmark,Niras A/S,2015-02-24T09:21:15.000000+01:00,1.00,1.00
52,Bygning,1071771280,Building (gd),"Polygon;[587733.23, 587734.2, 587736.77, 587736.18, 587743.6, 587747.6, 587746.55, 587748.18, 587742.27, 587743.44, 587744.93, 587751.05, 587760.33, 587752.42, 587752.0, 587749.75, 587731.53, 587734.06, 587732.53, 587733.23],[6139598.03, 6139595.31, 6139596.23, 6139597.86, 6139600.83, 6139592.3, 6139591.81, 6139588.34, 6139585.57, 6139583.07, 6139583.77, 6139586.49, 6139590.63, 6139609.89, 6139609.72, 6139615.2, 6139607.72, 6139599.32, 6139598.99, 6139598.03]",geodanmark,Niras A/S,2015-02-24T09:21:15.000000+01:00,1.00,1.00
53,Bygning,1071707134,Building (gd),"Polygon;[587610.77, 587608.7, 587608.94, 587606.11, 587607.22, 587608.54, 587611.39, 587617.14, 587616.3, 587621.04, 587621.95, 587627.19, 587622.92, 587618.94, 587610.77],[6139682.06, 6139680.83, 6139680.43, 6139678.73, 6139676.87, 6139677.66, 6139672.87, 6139676.3, 6139677.69, 6139680.52, 6139678.99, 6139682.12, 6139689.27, 6139686.9, 6139682.06]",geodanmark,COWI,2016-04-14T18:11:15.000000+02:00,0.15,0.20
54,Bygning,1071707135,Building (gd),"Polygon;[587618.94, 587606.6, 587610.3, 587606.04, 587600.69, 587601.75, 587600.87, 587599.96, 587594.35, 587600.01, 587598.38, 587599.27, 587600.9, 587610.77, 587618.94],[6139686.9, 6139707.57, 6139709.78, 6139716.92, 6139713.73, 6139711.95, 6139711.42, 6139712.94, 6139709.58, 6139700.1, 6139699.13, 6139697.63, 6139698.6, 6139682.06, 6139686.9]",geodanmark,COWI,2016-04-14T18:11:15.000000+02:00,0.15,0.20
55,Bygning,1071755629,Building (gd),"Polygon;[587624.18, 587615.56, 587608.5, 587608.25, 587608.5, 587607.06, 587609.44, 587610.87, 587616.85, 587615.65, 587617.77, 587618.96, 587619.53, 587620.01, 587620.54, 587621.08, 587636.67, 587625.82, 587624.18],[6139626.85, 6139622.31, 6139618.35, 6139618.2, 6139617.78, 6139616.93, 6139612.91, 6139613.76, 6139603.64, 6139602.94, 6139599.36, 6139600.06, 6139599.1, 6139598.87, 6139598.73, 6139598.71, 6139605.17, 6139627.64, 6139626.85]",geodanmark,COWI,2016-04-14T18:11:15.000000+02:00,0.15,0.20
56,Bygning,1071755639,Building (gd),"Polygon;[587596.05, 587590.75, 587589.47, 587592.9, 587591.51, 587593.43, 587590.71, 587574.72, 587574.53, 587574.75, 587573.66, 587575.64, 587576.73, 587577.02, 587575.84, 587577.54, 587578.73, 587579.95, 587578.81, 587581.24, 587582.38, 587582.68, 587598.56, 587596.05],[6139676.37, 6139673.31, 6139675.54, 6139677.41, 6139679.81, 6139680.92, 6139685.7, 6139676.65, 6139676.54, 6139676.17, 6139675.53, 6139672.17, 6139672.82, 6139672.32, 6139671.62, 6139668.73, 6139669.43, 6139667.36, 6139666.68, 6139662.56, 6139663.24, 6139662.74, 6139672.12, 6139676.37]",geodanmark,COWI,2016-04-14T18:11:15.000000+02:00,0.15,0.20
57,Bygning,1071755660,Building (gd),"Polygon;[587562.85, 587563.26, 587561.52, 587565.37, 587567.11, 587568.6, 587582.87, 587584.49, 587591.05, 587585.6, 587562.85],[6139697.39, 6139696.69, 6139695.66, 6139689.15, 6139690.17, 6139687.66, 6139695.92, 6139696.6, 6139700.53, 6139710.04, 6139697.39]",geodanmark,COWI,2016-04-14T18:11:15.000000+02:00,0.15,0.20
58,Bygning,1071755662,Building (gd),"Polygon;[587575.78, 587573.06, 587548.57, 587548.92, 587547.73, 587552.15, 587552.98, 587553.51, 587553.9, 587556.32, 587565.0, 587560.28, 587567.54, 587575.78],[6139731.14, 6139735.96, 6139722.16, 6139721.56, 6139720.86, 6139713.39, 6139713.89, 6139713.0, 6139713.23, 6139709.13, 6139714.23, 6139722.66, 6139726.73, 6139731.14]",geodanmark,COWI,2016-04-14T18:11:15.000000+02:00,0.15,0.20
59,Bygning,1071750155,Building (gd),"Polygon;[587656.38, 587655.91, 587655.35, 587645.4, 587646.22, 587653.09, 587658.71, 587661.0, 587661.71, 587663.62, 587666.71, 587666.39, 587667.29, 587666.78, 587668.56, 587656.38],[6139607.11, 6139606.8, 6139607.67, 6139601.21, 6139599.94, 6139590.4, 6139591.27, 6139585.55, 6139585.64, 6139582.04, 6139583.15, 6139583.82, 6139584.26, 6139585.33, 6139586.19, 6139607.11]",geodanmark,Niras A/S,2015-02-24T09:21:15.000000+01:00,1.00,1.00
60,Bygning,1071750158,Building (gd),"Polygon;[587706.87, 587705.61, 587708.28, 587715.08, 587712.66, 587706.87],[6139609.87, 6139609.41, 6139602.14, 6139604.64, 6139611.22, 6139609.87]",geodanmark,Niras A/S,2015-02-24T09:21:15.000000+01:00,0.10,0.15
61,Bygning,1071755630,Building (gd),"Polygon;[587647.63, 587654.07, 587655.87, 587656.93, 587662.68, 587661.65, 587663.63, 587657.43, 587655.83, 587647.63],[6139628.46, 6139617.84, 6139619.05, 6139617.45, 6139621.29, 6139622.83, 6139624.15, 6139634.47, 6139633.44, 6139628.46]",geodanmark,Niras A/S,2015-02-24T09:21:15.000000+01:00,1.00,1.00
62,Bygning,1071755635,Building (gd),"Polygon;[587602.41, 587598.77, 587597.62, 587589.35, 587594.21, 587603.08, 587602.01, 587604.92, 587602.41],[6139656.21, 6139654.13, 6139656.15, 6139651.47, 6139643.24, 6139648.29, 6139650.16, 6139651.83, 6139656.21]",geodanmark,Niras A/S,2015-02-24T09:21:15.000000+01:00,1.00,1.00
63,Bygning,1071755644,Building (gd),"Polygon;[587673.77, 587680.57, 587675.06, 587673.94, 587650.71, 587648.04, 587647.4, 587644.25, 587673.77],[6139630.93, 6139635.47, 6139644.08, 6139643.38, 6139680.08, 6139680.85, 6139682.4, 6139681.11, 6139630.93]",geodanmark,Niras A/S,2015-02-24T09:21:15.000000+01:00,1.00,1.00
64,Bygning,1071755646,Building (gd),"Polygon;[587670.02, 587669.21, 587657.91, 587653.0, 587677.07, 587675.06, 587680.57, 587687.92, 587687.69, 587682.15, 587674.32, 587670.02],[6139668.3, 6139667.8, 6139687.02, 6139684.14, 6139645.33, 6139644.08, 6139635.47, 6139640.38, 6139640.67, 6139649.23, 6139661.25, 6139668.3]",geodanmark,Niras A/S,2015-02-24T09:21:15.000000+01:00,1.00,1.00
65,Bygning,1071755652,Building (gd),"Polygon;[587652.32, 587651.87, 587649.06, 587648.41, 587643.75, 587643.03, 587632.48, 587641.22, 587653.87, 587652.32],[6139696.91, 6139696.64, 6139701.27, 6139700.88, 6139708.56, 6139708.13, 6139702.17, 6139686.52, 6139694.35, 6139696.91]",geodanmark,Niras A/S,2015-02-24T09:21:15.000000+01:00,1.00,1.00
66,Bygning,1200217415,Building (gd),"Polygon;[587638.05, 587627.22, 587622.28, 587632.55, 587638.05],[6139665.81, 6139659.45, 6139667.88, 6139673.76, 6139665.81]",geodanmark,Niras A/S,2018-08-20T08:32:22.914000+02:00,1.00,1.00
67,Bygning,1071767125,Building (gd),"Polygon;[587661.47, 587677.21, 587689.99, 587690.1, 587673.97, 587671.88, 587670.88, 587674.86, 587673.5, 587673.89, 587658.36, 587661.47],[6139501.16, 6139504.76, 6139504.82, 6139545.18, 6139549.7, 6139540.62, 6139537.27, 6139536.22, 6139532.73, 6139518.29, 6139514.7, 6139501.16]",geodanmark,Niras A/S,2015-02-24T09:21:15.000000+01:00,0.10,0.15
68,Bygning,1071767128,Building (gd),"Polygon;[587650.48, 587657.79, 587634.51, 587634.16, 587632.42, 587630.17, 587636.18, 587637.83, 587643.04, 587643.17, 587645.74, 587646.35, 587649.34, 587647.78, 587642.99, 587644.4, 587650.48],[6139543.77, 6139556.86, 6139571.55, 6139573.52, 6139574.71, 6139574.21, 6139556.85, 6139557.4, 6139554.06, 6139553.24, 6139551.83, 6139552.0, 6139550.22, 6139547.32, 6139545.63, 6139541.63, 6139543.77]",geodanmark,Niras A/S,2015-02-24T09:21:15.000000+01:00,1.00,1.00
69,Bygning,1071767147,Building (gd),"Polygon;[587496.37, 587497.3, 587499.58, 587500.24, 587502.09, 587505.42, 587505.85, 587510.56, 587510.15, 587512.77, 587510.75, 587504.88, 587500.66, 587496.37],[6139508.34, 6139506.94, 6139503.1, 6139503.43, 6139493.17, 6139494.28, 6139492.89, 6139494.34, 6139495.67, 6139496.48, 6139506.25, 6139504.57, 6139511.21, 6139508.34]",geodanmark,Niras A/S,2015-02-24T09:21:15.000000+01:00,1.00,1.00
70,Bygning,1071767150,Building (gd),"Polygon;[587479.18, 587482.72, 587483.14, 587484.24, 587488.32, 587494.36, 587488.56, 587492.65, 587493.94, 587494.17, 587502.08, 587502.09, 587500.24, 587499.58, 587497.3, 587496.37, 587482.64, 587474.05, 587479.18],[6139515.68, 6139509.89, 6139510.14, 6139508.32, 6139510.81, 6139500.93, 6139498.69, 6139489.54, 6139490.05, 6139488.91, 6139491.73, 6139493.17, 6139503.43, 6139503.1, 6139506.94, 6139508.34, 6139528.95, 6139523.25, 6139515.68]",geodanmark,Niras A/S,2015-02-24T09:21:15.000000+01:00,1.00,1.00
71,Bygning,1071767157,Building (gd),"Polygon;[587525.99, 587514.81, 587517.96, 587520.41, 587521.21, 587522.73, 587523.44, 587525.37, 587529.54, 587534.31, 587525.99],[6139547.59, 6139543.24, 6139533.85, 6139534.71, 6139534.21, 6139534.82, 6139533.05, 6139533.82, 6139523.42, 6139525.33, 6139547.59]",geodanmark,Niras A/S,2015-02-24T09:21:15.000000+01:00,1.00,1.00
72,Bygning,1071768029,Building (gd),"Polygon;[587493.82, 587491.28, 587488.42, 587490.28, 587488.0, 587485.86, 587481.37, 587492.09, 587497.93, 587493.82],[6139560.38, 6139559.3, 6139567.6, 6139568.24, 6139574.83, 6139574.09, 6139572.07, 6139548.19, 6139550.66, 6139560.38]",geodanmark,Niras A/S,2015-02-24T09:21:15.000000+01:00,1.00,1.00
73,Bygning,1071768045,Building (gd),"Polygon;[587584.76, 587584.41, 587576.91, 587585.39, 587593.67, 587585.89, 587584.76],[6139610.76, 6139610.56, 6139607.51, 6139583.32, 6139586.48, 6139607.68, 6139610.76]",geodanmark,Niras A/S,2015-02-24T09:21:15.000000+01:00,1.00,1.00
74,Bygning,1071768046,Building (gd),"Polygon;[587585.89, 587593.67, 587593.83, 587608.12, 587608.75, 587609.05, 587608.99, 587598.3, 587585.89],[6139607.68, 6139586.48, 6139586.12, 6139592.68, 6139593.55, 6139594.61, 6139595.68, 6139614.15, 6139607.68]",geodanmark,Niras A/S,2015-02-24T09:21:15.000000+01:00,1.00,1.00
75,Bygning,1071768056,Building (gd),"Polygon;[587549.02, 587550.46, 587545.35, 587543.73, 587528.64, 587522.64, 587528.13, 587549.02],[6139699.08, 6139699.89, 6139709.03, 6139708.13, 6139699.78, 6139696.46, 6139686.97, 6139699.08]",geodanmark,Niras A/S,2015-02-24T09:21:15.000000+01:00,1.00,1.00
76,Bygning,1071771226,Building (gd),"Polygon;[587751.47, 587747.58, 587739.95, 587739.26, 587743.36, 587743.68, 587751.47],[6139659.69, 6139668.58, 6139665.24, 6139664.92, 6139656.14, 6139656.29, 6139659.69]",geodanmark,Niras A/S,2015-02-24T09:21:15.000000+01:00,1.00,1.00
77,Bygning,1071771229,Building (gd),"Polygon;[587751.47, 587754.89, 587744.54, 587744.41, 587738.01, 587737.4, 587738.46, 587738.15, 587739.05, 587739.48, 587739.95, 587747.58, 587751.47],[6139659.69, 6139661.31, 6139678.65, 6139678.83, 6139673.99, 6139670.36, 6139668.09, 6139667.95, 6139666.04, 6139666.25, 6139665.24, 6139668.58, 6139659.69]",geodanmark,Niras A/S,2015-02-24T09:21:15.000000+01:00,1.00,1.00
78,Bygning,1071762351,Building (gd),"Polygon;[587687.92, 587687.65, 587688.67, 587688.32, 587687.59, 587687.09, 587679.19, 587673.99, 587674.0, 587671.11, 587671.09, 587668.73, 587668.74, 587661.71, 587661.69, 587659.29, 587659.31, 587656.33, 587656.32, 587653.89, 587653.9, 587650.22, 587650.21, 587647.73, 587647.74, 587643.91, 587643.89, 587641.49, 587641.5, 587638.54, 587638.52, 587636.08, 587636.09, 587628.93, 587628.91, 587626.57, 587626.58, 587623.58, 587623.56, 587618.28, 587610.84, 587610.98, 587610.09, 587610.16, 587611.11, 587611.35, 587610.4, 587610.48, 587611.32, 587611.39, 587610.51, 587610.6, 587610.61, 587620.39, 587620.02, 587619.77, 587622.3, 587675.82, 587678.51, 587679.07, 587687.92],[6139454.17, 6139459.9, 6139459.94, 6139467.24, 6139467.2, 6139477.75, 6139485.11, 6139485.19, 6139485.87, 6139485.91, 6139484.94, 6139484.98, 6139485.73, 6139485.84, 6139484.61, 6139484.65, 6139485.51, 6139485.55, 6139484.62, 6139484.66, 6139485.32, 6139485.38, 6139484.35, 6139484.39, 6139485.24, 6139485.3, 6139484.25, 6139484.29, 6139485.11, 6139485.15, 6139484.06, 6139484.1, 6139484.8, 6139484.91, 6139483.82, 6139483.85, 6139484.7, 6139484.75, 6139483.36, 6139483.44, 6139475.57, 6139470.2, 6139470.18, 6139467.26, 6139467.29, 6139457.97, 6139457.94, 6139454.88, 6139454.91, 6139452.47, 6139452.45, 6139448.82, 6139448.6, 6139448.86, 6139462.72, 6139472.19, 6139474.86, 6139476.28, 6139473.72, 6139454.16, 6139454.17]",geodanmark,Niras A/S,2016-04-14T18:11:15.000000+02:00,0.10,0.15
79,Bygning,1071755634,Building (gd),"Polygon;[587618.58, 587616.82, 587613.7, 587610.95, 587608.53, 587604.92, 587602.01, 587603.08, 587594.21, 587597.77, 587595.39, 587598.09, 587600.21, 587600.52, 587608.29, 587615.64, 587618.58],[6139642.66, 6139646.31, 6139651.52, 6139649.87, 6139653.91, 6139651.83, 6139650.16, 6139648.29, 6139643.24, 6139637.21, 6139635.84, 6139631.15, 6139632.38, 6139632.56, 6139636.93, 6139641.1, 6139642.66]",geodanmark,GST,2017-03-30T13:27:59.000000+02:00,10.00,10.00
80,Bygning,1071755667,Building (gd),"Polygon;[587653.45, 587651.17, 587662.77, 587664.63, 587641.57, 587633.23, 587626.17, 587638.1, 587630.63, 587619.99, 587614.58, 587608.94, 587607.36, 587587.85, 587597.96, 587602.42, 587629.57, 587632.48, 587643.03, 587639.86, 587641.22, 587639.27, 587634.61, 587653.45],[6139736.73, 6139741.25, 6139747.11, 6139748.08, 6139792.33, 6139787.98, 6139801.52, 6139807.74, 6139822.62, 6139817.23, 6139820.66, 6139811.72, 6139812.72, 6139782.06, 6139763.96, 6139755.98, 6139707.38, 6139702.17, 6139708.13, 6139713.36, 6139714.03, 6139717.98, 6139727.25, 6139736.73]",geodanmark,Niras A/S,2016-04-14T18:11:15.000000+02:00,1.00,1.00
81,Bygning,1071768038,Building (gd),"Polygon;[587516.74, 587515.48, 587519.71, 587519.26, 587521.67, 587524.16, 587525.29, 587517.03, 587519.33, 587515.05, 587519.59, 587541.19, 587540.94, 587528.75, 587527.82, 587524.87, 587524.52, 587516.74],[6139602.42, 6139601.97, 6139590.19, 6139590.03, 6139583.33, 6139584.22, 6139581.1, 6139578.13, 6139571.74, 6139570.2, 6139559.73, 6139567.48, 6139568.18, 6139598.46, 6139600.22, 6139605.85, 6139606.51, 6139602.42]",geodanmark,COWI,2016-04-14T18:11:15.000000+02:00,0.15,0.20
82,Bygning,1034235504,Building (gd),"Polygon;[587650.25, 587653.93, 587653.84, 587650.16, 587650.25],[6139467.24, 6139467.33, 6139471.03, 6139470.94, 6139467.24]",geodanmark,DSM GEODATA (P) LTD,2011-11-04T11:43:07.000000+01:00,0.10,0.15
83,Bygning,1034235654,Building (gd),"Polygon;[587549.87, 587546.42, 587548.72, 587552.17, 587549.87],[6139633.84, 6139631.8, 6139627.9, 6139629.94, 6139633.84]",geodanmark,DSM GEODATA (P) LTD,2011-11-04T11:43:07.000000+01:00,0.10,0.15
84,Bygning,1034235609,Building (gd),"Polygon;[587703.49, 587711.06, 587711.77, 587704.2, 587703.49],[6139538.67, 6139537.27, 6139541.15, 6139542.54, 6139538.67]",geodanmark,DSM GEODATA (P) LTD,2017-09-14T14:47:22.000000+02:00,0.10,0.15
85,Bygning,1034235610,Building (gd),"Polygon;[587693.05, 587694.37, 587701.77, 587700.45, 587693.05],[6139540.18, 6139536.35, 6139538.9, 6139542.73, 6139540.18]",geodanmark,DSM GEODATA (P) LTD,2017-09-14T14:47:22.000000+02:00,0.10,0.15
86,Bygning,1071755661,Building (gd),"Polygon;[587572.64, 587572.17, 587572.34, 587565.0, 587556.32, 587562.85, 587585.6, 587586.37, 587583.71, 587584.54, 587580.32, 587572.64],[6139718.76, 6139718.5, 6139718.2, 6139714.23, 6139709.13, 6139697.39, 6139710.04, 6139710.48, 6139715.12, 6139715.6, 6139723.09, 6139718.76]",geodanmark,COWI,2016-04-14T18:11:15.000000+02:00,0.15,0.20
87,Bygning,1071767126,Building (gd),"Polygon;[587658.36, 587653.84, 587650.48, 587644.4, 587641.59, 587636.18, 587630.17, 587628.68, 587624.31, 587623.81, 587622.94, 587622.09, 587621.42, 587621.24, 587617.93, 587630.92, 587637.36, 587637.38, 587637.53, 587639.23, 587661.47, 587658.36],[6139514.7, 6139534.27, 6139543.77, 6139541.63, 6139540.63, 6139556.85, 6139574.21, 6139578.89, 6139578.03, 6139578.77, 6139579.12, 6139578.95, 6139578.3, 6139577.42, 6139576.77, 6139537.07, 6139518.06, 6139517.09, 6139507.02, 6139496.99, 6139501.16, 6139514.7]",geodanmark,GST,2017-03-30T13:27:59.000000+02:00,10.00,10.00
88,Bygning,1200217416,Building (gd),"Polygon;[587610.95, 587608.53, 587606.91, 587617.58, 587616.57, 587622.28, 587627.22, 587613.7, 587610.95],[6139649.87, 6139653.91, 6139656.75, 6139662.85, 6139664.61, 6139667.88, 6139659.45, 6139651.52, 6139649.87]",geodanmark,Niras A/S,2018-08-20T08:32:22.914000+02:00,1.00,1.00
89,Bygning,1200217414,Building (gd),"Polygon;[587624.87, 587622.95, 587627.94, 587631.52, 587633.16, 587637.53, 587639.25, 587640.77, 587647.63, 587654.07, 587636.67, 587625.82, 587624.44, 587622.94, 587618.58, 587616.82, 587624.87],[6139651.12, 6139654.32, 6139657.31, 6139651.32, 6139652.3, 6139645.1, 6139642.27, 6139639.76, 6139628.46, 6139617.84, 6139605.17, 6139627.64, 6139630.52, 6139633.64, 6139642.66, 6139646.31, 6139651.12]",geodanmark,Niras A/S,2020-11-09T14:47:07.578000+01:00,1.00,1.00
90,Bygning,1071767159,Building (gd),"Polygon;[587542.58, 587554.16, 587554.48, 587557.1, 587556.56, 587561.41, 587563.48, 587550.08, 587552.32, 587571.16, 587566.83, 587564.95, 587561.84, 587555.79, 587551.79, 587525.89, 587525.99, 587534.31, 587540.7, 587542.58],[6139505.85, 6139509.93, 6139509.02, 6139509.95, 6139511.2, 6139512.66, 6139503.03, 6139499.15, 6139491.17, 6139496.46, 6139514.58, 6139521.32, 6139529.29, 6139545.11, 6139556.76, 6139547.86, 6139547.59, 6139525.33, 6139509.36, 6139505.85]",geodanmark,Niras A/S,2019-02-12T18:30:16.178000+01:00,1.00,1.00
91,Bygning,1071767155,Building (gd),"Polygon;[587510.53, 587515.64, 587516.01, 587518.55, 587520.73, 587518.2, 587513.33, 587510.94, 587510.53],[6139530.77, 6139533.04, 6139532.13, 6139533.16, 6139527.82, 6139526.78, 6139524.46, 6139529.86, 6139530.77]",geodanmark,Niras A/S,2020-10-30T13:45:34.422000+01:00,1.00,1.00
92,Bygning,1071740141,Building (gd),"Polygon;[587720.01, 587720.53, 587718.84, 587721.88, 587723.4, 587723.52, 587726.7, 587750.34, 587746.84, 587729.99, 587729.55, 587720.01],[6139620.48, 6139619.19, 6139618.47, 6139611.33, 6139612.02, 6139611.73, 6139610.63, 6139619.98, 6139629.28, 6139622.94, 6139624.07, 6139620.48]",geodanmark,Niras A/S,2015-02-24T09:21:15.000000+01:00,1.00,1.00
93,Bygning,1071740142,Building (gd),"Polygon;[587734.14, 587727.14, 587718.29, 587717.49, 587716.82, 587718.39, 587720.01, 587729.55, 587729.99, 587746.84, 587746.55, 587744.78, 587739.6, 587738.15, 587734.14],[6139634.78, 6139632.11, 6139628.57, 6139630.56, 6139630.24, 6139624.51, 6139620.48, 6139624.07, 6139622.94, 6139629.28, 6139630.05, 6139634.75, 6139632.71, 6139636.36, 6139634.78]",geodanmark,Niras A/S,2015-02-24T09:21:15.000000+01:00,1.00,1.00
94,Bygning,1071740144,Building (gd),"Polygon;[587729.07, 587725.6, 587727.45, 587722.91, 587722.49, 587722.33, 587720.79, 587710.81, 587711.95, 587711.61, 587711.0, 587717.49, 587718.29, 587727.14, 587725.75, 587729.4, 587729.07],[6139637.95, 6139650.35, 6139651.96, 6139659.96, 6139660.4, 6139660.24, 6139661.75, 6139651.6, 6139650.17, 6139649.84, 6139646.8, 6139630.56, 6139628.57, 6139632.11, 6139635.74, 6139637.13, 6139637.95]",geodanmark,Niras A/S,2015-02-24T09:21:15.000000+01:00,1.00,1.00
95,Bygning,1071740145,Building (gd),"Polygon;[587738.63, 587732.34, 587733.31, 587732.51, 587731.18, 587730.97, 587732.32, 587731.47, 587730.42, 587730.23, 587727.41, 587727.01, 587726.17, 587724.23, 587725.14, 587724.85, 587723.97, 587722.46, 587723.37, 587722.91, 587727.45, 587725.6, 587729.07, 587738.63],[6139641.81, 6139657.26, 6139657.62, 6139659.79, 6139659.29, 6139659.85, 6139660.35, 6139662.66, 6139662.04, 6139662.37, 6139663.13, 6139662.86, 6139664.13, 6139662.83, 6139661.71, 6139661.48, 6139662.56, 6139661.33, 6139660.4, 6139659.96, 6139651.96, 6139650.35, 6139637.95, 6139641.81]",geodanmark,Niras A/S,2015-02-24T09:21:15.000000+01:00,1.00,1.00
96,Bygning,1071755647,Building (gd),"Polygon;[587677.29, 587671.39, 587681.92, 587696.93, 587709.82, 587710.0, 587697.87, 587695.41, 587693.34, 587688.51, 587698.36, 587697.12, 587696.23, 587694.9, 587691.0, 587691.47, 587690.51, 587690.17, 587688.06, 587684.1, 587683.01, 587683.5, 587679.47, 587678.88, 587678.0, 587681.38, 587677.29],[6139696.41, 6139693.01, 6139675.91, 6139651.52, 6139662.84, 6139664.74, 6139685.88, 6139684.46, 6139688.04, 6139685.27, 6139668.76, 6139668.02, 6139668.39, 6139667.59, 6139674.12, 6139674.4, 6139676.01, 6139675.81, 6139679.34, 6139676.97, 6139678.8, 6139679.09, 6139685.85, 6139685.49, 6139686.95, 6139688.97, 6139696.41]",geodanmark,Niras A/S,2015-02-24T09:21:15.000000+01:00,1.00,1.00
97,Bygning,1071755649,Building (gd),"Polygon;[587684.53, 587683.38, 587683.09, 587671.39, 587675.31, 587675.61, 587677.29, 587681.38, 587684.88, 587688.51, 587693.34, 587695.41, 587697.87, 587710.0, 587726.04, 587717.38, 587714.6, 587709.27, 587706.21, 587697.02, 587692.41, 587689.54, 587688.81, 587684.53],[6139712.85, 6139712.28, 6139712.87, 6139707.06, 6139699.15, 6139699.33, 6139696.41, 6139688.97, 6139683.11, 6139685.27, 6139688.04, 6139684.46, 6139685.88, 6139664.74, 6139676.53, 6139687.72, 6139685.57, 6139692.82, 6139690.57, 6139703.07, 6139699.69, 6139704.56, 6139704.21, 6139712.85]",geodanmark,Niras A/S,2015-02-24T09:21:15.000000+01:00,1.00,1.00
98,Bygning,1208792111,Building (gd),"Polygon;[587645.18, 587646.89, 587648.36, 587650.65, 587651.34, 587655.83, 587647.63, 587640.77, 587639.25, 587637.53, 587645.18],[6139649.69, 6139646.84, 6139644.37, 6139640.54, 6139640.95, 6139633.44, 6139628.46, 6139639.76, 6139642.27, 6139645.1, 6139649.69]",geodanmark,Niras A/S,2020-11-09T14:47:07.578000+01:00,1.00,1.00
99,Broenddaeksel,1034131819,Manhole Cover (gd),"Point;[587648.82],[6139492.59]",geodanmark,DSM GEODATA (P) LTD,2011-11-04T11:43:07.000000+01:00,0.10,0.15
100,Broenddaeksel,1034131821,Manhole Cover (gd),"Point;[587613.44],[6139498.12]",geodanmark,DSM GEODATA (P) LTD,2011-11-04T11:43:07.000000+01:00,0.10,0.15
101,Broenddaeksel,1034131823,Manhole Cover (gd),"Point;[587610.42],[6139518.44]",geodanmark,DSM GEODATA (P) LTD,2011-11-04T11:43:07.000000+01:00,0.10,0.15
102,Broenddaeksel,1034131824,Manhole Cover (gd),"Point;[587604.84],[6139484.88]",geodanmark,DSM GEODATA (P) LTD,2011-11-04T11:43:07.000000+01:00,0.10,0.15
103,Broenddaeksel,1034131825,Manhole Cover (gd),"Point;[587596.57],[6139481.79]",geodanmark,DSM GEODATA (P) LTD,2011-11-04T11:43:07.000000+01:00,0.10,0.15
104,Broenddaeksel,1210521785,Manhole Cover (gd),"Point;[587602.81],[6139540.68]",geodanmark,DSM GEODATA (P) LTD,2020-03-20T20:37:09.811000+01:00,0.15,0.20
105,Broenddaeksel,1034131764,Manhole Cover (gd),"Point;[587618.15],[6139590.08]",geodanmark,DSM GEODATA (P) LTD,2011-11-04T11:43:07.000000+01:00,0.10,0.15
106,Broenddaeksel,1034131768,Manhole Cover (gd),"Point;[587656.89],[6139565.04]",geodanmark,DSM GEODATA (P) LTD,2011-11-04T11:43:07.000000+01:00,0.10,0.15
107,Broenddaeksel,1034131726,Manhole Cover (gd),"Point;[587608.82],[6139674.16]",geodanmark,DSM GEODATA (P) LTD,2011-11-04T11:43:07.000000+01:00,0.10,0.15
108,Broenddaeksel,1034131727,Manhole Cover (gd),"Point;[587613.04],[6139672.45]",geodanmark,DSM GEODATA (P) LTD,2011-11-04T11:43:07.000000+01:00,0.10,0.15
109,Broenddaeksel,1034131728,Manhole Cover (gd),"Point;[587632.5],[6139683.35]",geodanmark,DSM GEODATA (P) LTD,2011-11-04T11:43:07.000000+01:00,0.10,0.15
110,Broenddaeksel,1034131733,Manhole Cover (gd),"Point;[587666.75],[6139622.74]",geodanmark,DSM GEODATA (P) LTD,2011-11-04T11:43:07.000000+01:00,0.10,0.15
111,Broenddaeksel,1034131763,Manhole Cover (gd),"Point;[587620.56],[6139589.77]",geodanmark,DSM GEODATA (P) LTD,2011-11-04T11:43:07.000000+01:00,0.10,0.15
112,Broenddaeksel,1034131765,Manhole Cover (gd),"Point;[587617.0],[6139589.71]",geodanmark,DSM GEODATA (P) LTD,2011-11-04T11:43:07.000000+01:00,0.10,0.15
113,Broenddaeksel,1034131769,Manhole Cover (gd),"Point;[587699.93],[6139550.09]",geodanmark,DSM GEODATA (P) LTD,2011-11-04T11:43:07.000000+01:00,0.10,0.15
114,Broenddaeksel,1034131770,Manhole Cover (gd),"Point;[587730.6],[6139550.94]",geodanmark,DSM GEODATA (P) LTD,2011-11-04T11:43:07.000000+01:00,0.10,0.15
115,Broenddaeksel,1034131817,Manhole Cover (gd),"Point;[587659.59],[6139493.55]",geodanmark,DSM GEODATA (P) LTD,2011-11-04T11:43:07.000000+01:00,0.10,0.15
116,Broenddaeksel,1034131818,Manhole Cover (gd),"Point;[587650.29],[6139494.64]",geodanmark,DSM GEODATA (P) LTD,2011-11-04T11:43:07.000000+01:00,0.10,0.15
117,Broenddaeksel,1034131820,Manhole Cover (gd),"Point;[587612.3],[6139498.74]",geodanmark,DSM GEODATA (P) LTD,2011-11-04T11:43:07.000000+01:00,0.10,0.15
118,Broenddaeksel,1034131822,Manhole Cover (gd),"Point;[587609.23],[6139518.81]",geodanmark,DSM GEODATA (P) LTD,2011-11-04T11:43:07.000000+01:00,0.10,0.15
119,Broenddaeksel,1034131827,Manhole Cover (gd),"Point;[587577.27],[6139480.43]",geodanmark,DSM GEODATA (P) LTD,2011-11-04T11:43:07.000000+01:00,0.10,0.15
120,Broenddaeksel,1034131829,Manhole Cover (gd),"Point;[587573.86],[6139492.62]",geodanmark,DSM GEODATA (P) LTD,2011-11-04T11:43:07.000000+01:00,0.10,0.15
121,Broenddaeksel,1034132004,Manhole Cover (gd),"Point;[587651.15],[6139703.39]",geodanmark,DSM GEODATA (P) LTD,2011-11-04T11:43:07.000000+01:00,0.10,0.15
122,Broenddaeksel,1034132005,Manhole Cover (gd),"Point;[587651.43],[6139700.16]",geodanmark,DSM GEODATA (P) LTD,2011-11-04T11:43:07.000000+01:00,0.10,0.15
123,Broenddaeksel,1034132063,Manhole Cover (gd),"Point;[587550.23],[6139620.01]",geodanmark,DSM GEODATA (P) LTD,2011-11-04T11:43:07.000000+01:00,0.10,0.15
124,Broenddaeksel,1034131732,Manhole Cover (gd),"Point;[587705.09],[6139653.76]",geodanmark,DSM GEODATA (P) LTD,2011-11-04T11:43:07.000000+01:00,0.10,0.15
125,Broenddaeksel,1034131766,Manhole Cover (gd),"Point;[587633.83],[6139582.78]",geodanmark,DSM GEODATA (P) LTD,2011-11-04T11:43:07.000000+01:00,0.10,0.15
126,Broenddaeksel,1034131767,Manhole Cover (gd),"Point;[587636.73],[6139579.88]",geodanmark,DSM GEODATA (P) LTD,2011-11-04T11:43:07.000000+01:00,0.10,0.15
127,Broenddaeksel,1034131828,Manhole Cover (gd),"Point;[587576.32],[6139483.58]",geodanmark,DSM GEODATA (P) LTD,2011-11-04T11:43:07.000000+01:00,0.10,0.15
128,Mast,1034131742,Light Fixture (gd),"Point;[587617.45],[6139598.62]",geodanmark,DSM GEODATA (P) LTD,2014-07-18T02:58:16.000000+02:00,0.10,0.15
129,Mast,1034131984,Light Fixture (gd),"Point;[587595.57],[6139627.83]",geodanmark,DSM GEODATA (P) LTD,2014-07-18T02:58:16.000000+02:00,0.10,0.15
130,Mast,1034131989,Light Fixture (gd),"Point;[587553.55],[6139608.99]",geodanmark,DSM GEODATA (P) LTD,2014-07-18T02:58:16.000000+02:00,0.10,0.15
131,Mast,1034131982,Light Fixture (gd),"Point;[587559.01],[6139689.54]",geodanmark,DSM GEODATA (P) LTD,2014-07-18T02:58:16.000000+02:00,0.10,0.15
132,Mast,1034131608,Light Fixture (gd),"Point;[587574.0],[6139576.59]",geodanmark,DSM GEODATA (P) LTD,2014-07-18T02:58:16.000000+02:00,0.10,0.15
133,Mast,1034131741,Light Fixture (gd),"Point;[587630.0],[6139587.89]",geodanmark,DSM GEODATA (P) LTD,2014-07-18T02:58:16.000000+02:00,0.10,0.15
134,Mast,1034131743,Light Fixture (gd),"Point;[587680.58],[6139558.42]",geodanmark,DSM GEODATA (P) LTD,2014-07-18T02:58:16.000000+02:00,0.10,0.15
135,Mast,1034131785,Light Fixture (gd),"Point;[587683.89],[6139499.96]",geodanmark,DSM GEODATA (P) LTD,2014-07-18T02:58:16.000000+02:00,0.10,0.15
136,Mast,1034131786,Light Fixture (gd),"Point;[587700.15],[6139525.27]",geodanmark,DSM GEODATA (P) LTD,2014-07-18T02:58:16.000000+02:00,0.10,0.15
137,Mast,1034131787,Light Fixture (gd),"Point;[587620.29],[6139497.66]",geodanmark,DSM GEODATA (P) LTD,2014-07-18T02:58:16.000000+02:00,0.10,0.15
138,Mast,1034131789,Light Fixture (gd),"Point;[587571.43],[6139481.19]",geodanmark,DSM GEODATA (P) LTD,2014-07-18T02:58:16.000000+02:00,0.10,0.15
139,Mast,1034131981,Light Fixture (gd),"Point;[587704.97],[6139552.8]",geodanmark,DSM GEODATA (P) LTD,2014-07-18T02:58:16.000000+02:00,0.10,0.15
140,Mast,1034131983,Light Fixture (gd),"Point;[587577.04],[6139658.95]",geodanmark,DSM GEODATA (P) LTD,2014-07-18T02:58:16.000000+02:00,0.10,0.15
141,Mast,1210520812,Light Fixture (gd),"Point;[587602.33],[6139528.3]",geodanmark,DSM GEODATA (P) LTD,2020-03-20T20:37:09.811000+01:00,0.15,0.20
142,Hegn,1034187932,Fence (gd),"LineString;[587603.88, 587599.17],[6139522.22, 6139520.87]",geodanmark,DSM GEODATA (P) LTD,2011-11-04T11:43:07.000000+01:00,0.10,0.15
143,Hegn,1034187935,Fence (gd),"LineString;[587666.02, 587663.07],[6139575.03, 6139580.63]",geodanmark,DSM GEODATA (P) LTD,2011-11-04T11:43:07.000000+01:00,0.10,0.15
144,Hegn,1034187928,Fence (gd),"LineString;[587603.88, 587603.07],[6139493.57, 6139500.0]",geodanmark,DSM GEODATA (P) LTD,2011-11-04T11:43:07.000000+01:00,0.10,0.15
145,Hegn,1034188583,Fence (gd),"LineString;[587739.08, 587738.6],[6139505.58, 6139518.82]",geodanmark,DSM GEODATA (P) LTD,2011-11-04T11:43:07.000000+01:00,0.10,0.15
146,Hegn,1034187936,Fence (gd),"LineString;[587681.13, 587676.28],[6139561.06, 6139562.88]",geodanmark,DSM GEODATA (P) LTD,2011-11-04T11:43:07.000000+01:00,0.10,0.15
147,Hegn,1034187937,Fence (gd),"LineString;[587676.28, 587675.61, 587669.55],[6139562.88, 6139563.13, 6139565.77]",geodanmark,DSM GEODATA (P) LTD,2011-11-04T11:43:07.000000+01:00,0.10,0.15
148,Hegn,1034187940,Fence (gd),"LineString;[587706.59, 587711.51, 587707.35],[6139568.07, 6139569.55, 6139580.78]",geodanmark,DSM GEODATA (P) LTD,2011-11-04T11:43:07.000000+01:00,0.10,0.15
149,Hegn,1034187950,Fence (gd),"LineString;[587598.87, 587597.43],[6139690.69, 6139689.93]",geodanmark,DSM GEODATA (P) LTD,2011-11-04T11:43:07.000000+01:00,0.10,0.15
150,Hegn,1034190704,Fence (gd),"LineString;[587604.71, 587609.82],[6139502.55, 6139503.68]",geodanmark,DSM GEODATA (P) LTD,2011-11-04T11:43:07.000000+01:00,0.10,0.15
151,Hegn,1034187930,Fence (gd),"LineString;[587623.43, 587617.07],[6139499.98, 6139499.84]",geodanmark,DSM GEODATA (P) LTD,2011-11-04T11:43:07.000000+01:00,0.10,0.15
152,Hegn,1034187933,Fence (gd),"LineString;[587598.78, 587593.86],[6139540.01, 6139538.59]",geodanmark,DSM GEODATA (P) LTD,2011-11-04T11:43:07.000000+01:00,0.10,0.15
153,Hegn,1034188278,Fence (gd),"LineString;[587510.75, 587500.85],[6139506.25, 6139520.25]",geodanmark,DSM GEODATA (P) LTD,2011-11-04T11:43:07.000000+01:00,0.10,0.15
154,Hegn,1034190710,Fence (gd),"LineString;[587610.16, 587607.82, 587607.7],[6139467.26, 6139467.16, 6139472.29]",geodanmark,DSM GEODATA (P) LTD,2011-11-04T11:43:07.000000+01:00,0.10,0.15
155,Hegn,1034190733,Fence (gd),"LineString;[587586.63, 587571.5, 587567.34],[6139473.3, 6139481.25, 6139479.99]",geodanmark,DSM GEODATA (P) LTD,2011-11-04T11:43:07.000000+01:00,0.10,0.15
156,Hegn,1034188257,Fence (gd),"LineString;[587721.09, 587719.61, 587706.53],[6139582.77, 6139588.49, 6139584.16]",geodanmark,DSM GEODATA (P) LTD,2011-11-04T11:43:07.000000+01:00,0.10,0.15
157,Hegn,1034187938,Fence (gd),"LineString;[587676.28, 587677.99, 587674.64],[6139562.88, 6139567.97, 6139574.44]",geodanmark,DSM GEODATA (P) LTD,2011-11-04T11:43:07.000000+01:00,0.10,0.15
158,Hegn,1034187929,Fence (gd),"LineString;[587627.9, 587638.59],[6139499.86, 6139500.76]",geodanmark,DSM GEODATA (P) LTD,2011-11-04T11:43:07.000000+01:00,0.10,0.15
159,Hegn,1034187934,Fence (gd),"LineString;[587665.9, 587663.62],[6139567.16, 6139568.35]",geodanmark,DSM GEODATA (P) LTD,2011-11-04T11:43:07.000000+01:00,0.10,0.15
160,Hegn,1034187939,Fence (gd),"LineString;[587683.23, 587679.48],[6139569.2, 6139576.76]",geodanmark,DSM GEODATA (P) LTD,2011-11-04T11:43:07.000000+01:00,0.10,0.15
161,Hegn,1034187941,Fence (gd),"LineString;[587718.48, 587709.55],[6139593.36, 6139591.16]",geodanmark,DSM GEODATA (P) LTD,2011-11-04T11:43:07.000000+01:00,0.10,0.15
162,Hegn,1034188201,Fence (gd),"LineString;[587601.78, 587597.18],[6139528.86, 6139527.63]",geodanmark,DSM GEODATA (P) LTD,2011-11-04T11:43:07.000000+01:00,0.10,0.15
163,Hegn,1034188256,Fence (gd),"LineString;[587722.26, 587721.82],[6139578.28, 6139579.98]",geodanmark,DSM GEODATA (P) LTD,2011-11-04T11:43:07.000000+01:00,0.10,0.15
164,Hegn,1034190703,Fence (gd),"LineString;[587616.0, 587614.54, 587614.36],[6139504.44, 6139504.43, 6139506.65]",geodanmark,DSM GEODATA (P) LTD,2011-11-04T11:43:07.000000+01:00,0.10,0.15
165,Hegn,1034190734,Fence (gd),"LineString;[587565.21, 587553.1, 587552.62],[6139479.32, 6139475.52, 6139475.4]",geodanmark,DSM GEODATA (P) LTD,2011-11-04T11:43:07.000000+01:00,0.10,0.15
166,Hegn,1034190746,Fence (gd),"LineString;[587551.23, 587544.87],[6139474.97, 6139473.14]",geodanmark,DSM GEODATA (P) LTD,2011-11-04T11:43:07.000000+01:00,0.10,0.15
167,Hegn,1034187951,Fence (gd),"LineString;[587598.87, 587592.46],[6139690.69, 6139701.83]",geodanmark,DSM GEODATA (P) LTD,2011-11-04T11:43:07.000000+01:00,0.10,0.15
168,Hegn,1034187952,Fence (gd),"LineString;[587592.46, 587586.02],[6139701.83, 6139713.01]",geodanmark,DSM GEODATA (P) LTD,2011-11-04T11:43:07.000000+01:00,0.10,0.15
169,Hegn,1034188354,Fence (gd),"LineString;[587592.46, 587590.8],[6139701.83, 6139700.96]",geodanmark,DSM GEODATA (P) LTD,2011-11-04T11:43:07.000000+01:00,0.10,0.15
170,Hegn,1034188355,Fence (gd),"LineString;[587605.58, 587607.11, 587598.87],[6139675.51, 6139676.39, 6139690.69]",geodanmark,DSM GEODATA (P) LTD,2011-11-04T11:43:07.000000+01:00,0.10,0.15
171,Trae,1034116563,Tree (gd),"Point;[587622.29],[6139487.26]",geodanmark,DSM GEODATA (P) LTD,2014-07-18T02:58:16.000000+02:00,0.10,0.15
172,Trae,1034116584,Tree (gd),"Point;[587620.64],[6139594.98]",geodanmark,DSM GEODATA (P) LTD,2014-07-18T02:58:16.000000+02:00,0.10,0.15
173,Trae,1034116586,Tree (gd),"Point;[587593.22],[6139638.27]",geodanmark,DSM GEODATA (P) LTD,2014-07-18T02:58:16.000000+02:00,0.10,0.15
174,Trae,1034116587,Tree (gd),"Point;[587579.28],[6139657.72]",geodanmark,DSM GEODATA (P) LTD,2014-07-18T02:58:16.000000+02:00,0.10,0.15
175,Trae,1034116721,Tree (gd),"Point;[587572.17],[6139497.51]",geodanmark,DSM GEODATA (P) LTD,2014-07-18T02:58:16.000000+02:00,0.10,0.15
176,Trae,1034116722,Tree (gd),"Point;[587581.59],[6139498.73]",geodanmark,DSM GEODATA (P) LTD,2014-07-18T02:58:16.000000+02:00,0.10,0.15
177,Trae,1034116811,Tree (gd),"Point;[587674.86],[6139501.39]",geodanmark,DSM GEODATA (P) LTD,2014-07-18T02:58:16.000000+02:00,0.10,0.15
178,Trae,1034116576,Tree (gd),"Point;[587525.67],[6139559.22]",geodanmark,DSM GEODATA (P) LTD,2014-07-17T23:08:37.000000+02:00,0.10,0.15
179,Trae,1034116577,Tree (gd),"Point;[587525.15],[6139549.3]",geodanmark,DSM GEODATA (P) LTD,2014-07-17T23:08:37.000000+02:00,0.10,0.15
180,Trae,1034116578,Tree (gd),"Point;[587515.53],[6139545.91]",geodanmark,DSM GEODATA (P) LTD,2014-07-17T23:08:37.000000+02:00,0.10,0.15
181,Trae,1034116650,Tree (gd),"Point;[587538.99],[6139623.55]",geodanmark,DSM GEODATA (P) LTD,2014-07-17T23:08:37.000000+02:00,0.10,0.15
182,Trae,1034116652,Tree (gd),"Point;[587529.48],[6139637.57]",geodanmark,DSM GEODATA (P) LTD,2014-07-17T23:08:37.000000+02:00,0.10,0.15
183,Trae,1034116653,Tree (gd),"Point;[587520.46],[6139632.46]",geodanmark,DSM GEODATA (P) LTD,2014-07-17T23:08:37.000000+02:00,0.10,0.15
184,Trae,1034116664,Tree (gd),"Point;[587529.55],[6139663.42]",geodanmark,DSM GEODATA (P) LTD,2014-07-17T23:08:37.000000+02:00,0.10,0.15
185,Trae,1034116812,Tree (gd),"Point;[587681.7],[6139501.6]",geodanmark,DSM GEODATA (P) LTD,2014-07-18T02:58:16.000000+02:00,0.10,0.15
186,Trae,1034116813,Tree (gd),"Point;[587688.61],[6139501.94]",geodanmark,DSM GEODATA (P) LTD,2014-07-18T02:58:16.000000+02:00,0.10,0.15
187,Trae,1034116583,Tree (gd),"Point;[587609.51],[6139589.08]",geodanmark,DSM GEODATA (P) LTD,2014-07-18T02:58:16.000000+02:00,0.10,0.15
188,Trae,1034116585,Tree (gd),"Point;[587602.2],[6139621.95]",geodanmark,DSM GEODATA (P) LTD,2014-07-18T02:58:16.000000+02:00,0.10,0.15
189,Trae,1034116807,Tree (gd),"Point;[587562.8],[6139572.16]",geodanmark,DSM GEODATA (P) LTD,2014-07-18T02:58:16.000000+02:00,0.10,0.15
190,Trae,1034116808,Tree (gd),"Point;[587570.08],[6139574.81]",geodanmark,DSM GEODATA (P) LTD,2014-07-18T02:58:16.000000+02:00,0.10,0.15
191,Trae,1034132287,Tree (gd),"Point;[587605.13],[6139500.21]",geodanmark,DSM GEODATA (P) LTD,2014-07-18T02:58:16.000000+02:00,0.10,0.15
192,Trae,1034132305,Tree (gd),"Point;[587601.01],[6139613.98]",geodanmark,DSM GEODATA (P) LTD,2014-07-18T02:58:16.000000+02:00,0.10,0.15
193,Trae,1034116666,Tree (gd),"Point;[587536.77],[6139647.86]",geodanmark,DSM GEODATA (P) LTD,2014-07-17T23:08:37.000000+02:00,0.10,0.15
194,Trae,1034116667,Tree (gd),"Point;[587539.04],[6139643.89]",geodanmark,DSM GEODATA (P) LTD,2014-07-17T23:08:37.000000+02:00,0.10,0.15
195,Trae,1034132285,Tree (gd),"Point;[587636.11],[6139498.5]",geodanmark,DSM GEODATA (P) LTD,2014-07-18T02:58:16.000000+02:00,0.10,0.15
196,Trae,1034116806,Tree (gd),"Point;[587549.69],[6139567.87]",geodanmark,DSM GEODATA (P) LTD,2020-03-20T20:37:09.811000+01:00,0.15,0.20
197,Trae,1034116588,Tree (gd),"Point;[587571.83],[6139675.61]",geodanmark,DSM GEODATA (P) LTD,2014-07-18T02:58:16.000000+02:00,0.10,0.15
198,Trae,1034132286,Tree (gd),"Point;[587607.77],[6139496.14]",geodanmark,DSM GEODATA (P) LTD,2014-07-18T02:58:16.000000+02:00,0.10,0.15
199,Trae,1034116651,Tree (gd),"Point;[587529.03],[6139617.76]",geodanmark,DSM GEODATA (P) LTD,2014-07-17T23:08:37.000000+02:00,0.10,0.15
200,Trae,1034116655,Tree (gd),"Point;[587512.28],[6139647.08]",geodanmark,DSM GEODATA (P) LTD,2014-07-17T23:08:37.000000+02:00,0.10,0.15
201,Trae,1034116708,Tree (gd),"Point;[587520.39],[6139658.54]",geodanmark,DSM GEODATA (P) LTD,2014-07-17T23:08:37.000000+02:00,0.10,0.15
202,Trae,1034116654,Tree (gd),"Point;[587521.82],[6139652.2]",geodanmark,DSM GEODATA (P) LTD,2014-07-17T23:08:37.000000+02:00,0.10,0.15
203,Trae,1034116665,Tree (gd),"Point;[587534.2],[6139654.76]",geodanmark,DSM GEODATA (P) LTD,2014-07-17T23:08:37.000000+02:00,0.10,0.15
204,Trae,1210525904,Tree (gd),"Point;[587622.71],[6139525.75]",geodanmark,DSM GEODATA (P) LTD,2020-03-20T20:37:09.811000+01:00,0.15,0.20
205,Trae,1210525905,Tree (gd),"Point;[587619.22],[6139538.0]",geodanmark,DSM GEODATA (P) LTD,2020-03-20T20:37:09.811000+01:00,0.15,0.20
206,Nedloebsrist,1034131782,Downspout Grille (gd),"Point;[587728.04],[6139578.44]",geodanmark,DSM GEODATA (P) LTD,2011-11-04T11:43:07.000000+01:00,0.10,0.15
207,Nedloebsrist,1034131812,Downspout Grille (gd),"Point;[587692.49],[6139525.9]",geodanmark,DSM GEODATA (P) LTD,2011-11-04T11:43:07.000000+01:00,0.10,0.15
208,Nedloebsrist,1034131723,Downspout Grille (gd),"Point;[587623.83],[6139672.31]",geodanmark,DSM GEODATA (P) LTD,2011-11-04T11:43:07.000000+01:00,0.10,0.15
209,Nedloebsrist,1034131797,Downspout Grille (gd),"Point;[587565.58],[6139492.22]",geodanmark,DSM GEODATA (P) LTD,2011-11-04T11:43:07.000000+01:00,0.10,0.15
210,Nedloebsrist,1034131809,Downspout Grille (gd),"Point;[587675.33],[6139498.79]",geodanmark,DSM GEODATA (P) LTD,2011-11-04T11:43:07.000000+01:00,0.10,0.15
211,Nedloebsrist,1034131618,Downspout Grille (gd),"Point;[587542.46],[6139557.42]",geodanmark,DSM GEODATA (P) LTD,2011-11-04T11:43:07.000000+01:00,0.10,0.15
212,Nedloebsrist,1034131619,Downspout Grille (gd),"Point;[587607.31],[6139613.73]",geodanmark,DSM GEODATA (P) LTD,2011-11-04T11:43:07.000000+01:00,0.10,0.15
213,Nedloebsrist,1034131715,Downspout Grille (gd),"Point;[587614.79],[6139705.94]",geodanmark,DSM GEODATA (P) LTD,2011-11-04T11:43:07.000000+01:00,0.10,0.15
214,Nedloebsrist,1034131721,Downspout Grille (gd),"Point;[587634.8],[6139676.44]",geodanmark,DSM GEODATA (P) LTD,2011-11-04T11:43:07.000000+01:00,0.10,0.15
215,Nedloebsrist,1034131762,Downspout Grille (gd),"Point;[587683.86],[6139556.2]",geodanmark,DSM GEODATA (P) LTD,2011-11-04T11:43:07.000000+01:00,0.10,0.15
216,Nedloebsrist,1034131807,Downspout Grille (gd),"Point;[587661.47],[6139488.53]",geodanmark,DSM GEODATA (P) LTD,2011-11-04T11:43:07.000000+01:00,0.10,0.15
217,Nedloebsrist,1034131813,Downspout Grille (gd),"Point;[587694.95],[6139534.93]",geodanmark,DSM GEODATA (P) LTD,2011-11-04T11:43:07.000000+01:00,0.10,0.15
218,Nedloebsrist,1034131924,Downspout Grille (gd),"Point;[587543.7],[6139655.67]",geodanmark,DSM GEODATA (P) LTD,2011-11-04T11:43:07.000000+01:00,0.10,0.15
219,Nedloebsrist,1034131987,Downspout Grille (gd),"Point;[587567.95],[6139612.47]",geodanmark,DSM GEODATA (P) LTD,2011-11-04T11:43:07.000000+01:00,0.10,0.15
220,Nedloebsrist,1034131735,Downspout Grille (gd),"Point;[587689.73],[6139633.36]",geodanmark,DSM GEODATA (P) LTD,2011-11-04T11:43:07.000000+01:00,0.10,0.15
221,Nedloebsrist,1034131803,Downspout Grille (gd),"Point;[587609.72],[6139478.5]",geodanmark,DSM GEODATA (P) LTD,2011-11-04T11:43:07.000000+01:00,0.10,0.15
222,Nedloebsrist,1034132301,Downspout Grille (gd),"Point;[587643.39],[6139488.1]",geodanmark,DSM GEODATA (P) LTD,2011-11-04T11:43:07.000000+01:00,0.10,0.15
223,Nedloebsrist,1210521421,Downspout Grille (gd),"Point;[587606.58],[6139514.73]",geodanmark,DSM GEODATA (P) LTD,2020-03-20T20:37:09.811000+01:00,0.15,0.20
224,Nedloebsrist,1034131722,Downspout Grille (gd),"Point;[587625.58],[6139676.44]",geodanmark,DSM GEODATA (P) LTD,2011-11-04T11:43:07.000000+01:00,0.10,0.15
225,Nedloebsrist,1034131724,Downspout Grille (gd),"Point;[587621.07],[6139676.65]",geodanmark,DSM GEODATA (P) LTD,2011-11-04T11:43:07.000000+01:00,0.10,0.15
226,Nedloebsrist,1034131725,Downspout Grille (gd),"Point;[587614.03],[6139669.26]",geodanmark,DSM GEODATA (P) LTD,2011-11-04T11:43:07.000000+01:00,0.10,0.15
227,Nedloebsrist,1034131734,Downspout Grille (gd),"Point;[587648.84],[6139606.32]",geodanmark,DSM GEODATA (P) LTD,2011-11-04T11:43:07.000000+01:00,0.10,0.15
228,Nedloebsrist,1034131923,Downspout Grille (gd),"Point;[587534.79],[6139670.89]",geodanmark,DSM GEODATA (P) LTD,2011-11-04T11:43:07.000000+01:00,0.10,0.15
229,Nedloebsrist,1034131925,Downspout Grille (gd),"Point;[587550.47],[6139643.81]",geodanmark,DSM GEODATA (P) LTD,2011-11-04T11:43:07.000000+01:00,0.10,0.15
230,Nedloebsrist,1034131985,Downspout Grille (gd),"Point;[587559.38],[6139609.68]",geodanmark,DSM GEODATA (P) LTD,2011-11-04T11:43:07.000000+01:00,0.10,0.15
231,Nedloebsrist,1034131986,Downspout Grille (gd),"Point;[587565.93],[6139609.92]",geodanmark,DSM GEODATA (P) LTD,2011-11-04T11:43:07.000000+01:00,0.10,0.15
232,Nedloebsrist,1034131988,Downspout Grille (gd),"Point;[587570.7],[6139621.07]",geodanmark,DSM GEODATA (P) LTD,2011-11-04T11:43:07.000000+01:00,0.10,0.15
233,Nedloebsrist,1034131759,Downspout Grille (gd),"Point;[587723.94],[6139544.01]",geodanmark,DSM GEODATA (P) LTD,2011-11-04T11:43:07.000000+01:00,0.10,0.15
234,Nedloebsrist,1034131760,Downspout Grille (gd),"Point;[587711.29],[6139544.69]",geodanmark,DSM GEODATA (P) LTD,2011-11-04T11:43:07.000000+01:00,0.10,0.15
235,Nedloebsrist,1034131761,Downspout Grille (gd),"Point;[587692.71],[6139542.31]",geodanmark,DSM GEODATA (P) LTD,2011-11-04T11:43:07.000000+01:00,0.10,0.15
236,Nedloebsrist,1034131802,Downspout Grille (gd),"Point;[587599.43],[6139485.07]",geodanmark,DSM GEODATA (P) LTD,2011-11-04T11:43:07.000000+01:00,0.10,0.15
237,Nedloebsrist,1034131804,Downspout Grille (gd),"Point;[587625.36],[6139487.54]",geodanmark,DSM GEODATA (P) LTD,2011-11-04T11:43:07.000000+01:00,0.10,0.15
238,Nedloebsrist,1034131805,Downspout Grille (gd),"Point;[587611.23],[6139497.82]",geodanmark,DSM GEODATA (P) LTD,2011-11-04T11:43:07.000000+01:00,0.10,0.15
239,Nedloebsrist,1034131806,Downspout Grille (gd),"Point;[587642.1],[6139487.32]",geodanmark,DSM GEODATA (P) LTD,2011-11-04T11:43:07.000000+01:00,0.10,0.15
240,Nedloebsrist,1034131808,Downspout Grille (gd),"Point;[587662.83],[6139498.44]",geodanmark,DSM GEODATA (P) LTD,2011-11-04T11:43:07.000000+01:00,0.10,0.15
241,Nedloebsrist,1034131810,Downspout Grille (gd),"Point;[587680.37],[6139489.08]",geodanmark,DSM GEODATA (P) LTD,2011-11-04T11:43:07.000000+01:00,0.10,0.15
242,Nedloebsrist,1034131720,Downspout Grille (gd),"Point;[587629.63],[6139684.35]",geodanmark,DSM GEODATA (P) LTD,2011-11-04T11:43:07.000000+01:00,0.10,0.15
243,Nedloebsrist,1210521480,Downspout Grille (gd),"Point;[587604.83],[6139526.08]",geodanmark,DSM GEODATA (P) LTD,2020-03-20T20:37:09.811000+01:00,0.15,0.20
