,Unnamed: 0.1,ID_img,timestamp,fix,nSat,hErr,alt,altU,h,hU,dgpsAge,checksum,date,typename,subcategory,detail,Measurement,note,energifyn,fjernvarme,geodanmark,kortopslag,samaqua,geometry,label,id
0,80,84,104857.15,4,9,,22.376,M,39.413,M,1.1,0008*7A,,Tree Stump,,,GNSS,,,,1103670638,,,"Point;[590671.3696],[6136686.314]",Tree Stump,0
1,289,304,133825.75,5,7,,26.247,M,39.415,M,1.8,0024*73,,Tree,Collection of Trees,,GNSS,,,,,,,"Point;[590672.3786],[6136776.85]",Tree,1
2,287,301,133427.65,4,9,,23.442,M,39.415,M,1.6,0024*74,,Tree,,,GNSS,,,,1202734429,,,"Point;[590772.1839],[6136812.522]",Tree,2
3,286,300,133403.9,4,10,,23.444,M,39.415,M,0.9,0024*78,,Tree,,,GNSS,,,,1202734430,,,"Point;[590767.2273],[6136811.849]",Tree,3
4,285,299,133350.45,4,9,,23.532,M,39.415,M,1.5,0024*71,,Tree,,,GNSS,,,,1202734425,,,"Point;[590762.2019],[6136811.34]",Tree,4
5,284,298,133337.5,4,11,,23.5,M,39.415,M,1.5,0024*71,,Tree,,,GNSS,,,,1202734426,,,"Point;[590757.4176],[6136810.98]",Tree,5
6,283,297,133318.95,4,13,,23.476,M,39.415,M,0.9,0024*70,,Tree,,,GNSS,,,,1202734427,,,"Point;[590752.2648],[6136810.407]",Tree,6
7,282,296,133259.2,4,10,,23.154,M,39.415,M,1.2,0024*7E,,Tree,,,GNSS,,,,1202734428,,,"Point;[590747.4316],[6136810.082]",Tree,7
8,280,294,133226.75,4,9,,23.455,M,39.415,M,1.8,0024*71,,Tree,,,GNSS,,,,1202734421,,,"Point;[590736.5102],[6136808.855]",Tree,9
9,279,293,133212.9,4,9,,23.424,M,39.415,M,0.9,0024*7A,,Tree,,,GNSS,,,,1202734422,,,"Point;[590731.5743],[6136808.437]",Tree,10
10,278,292,133157.25,4,8,,23.37,M,39.415,M,2.3,0024*77,,Tree,,,GNSS,,,,1202734423,,,"Point;[590726.4497],[6136807.941]",Tree,11
11,276,290,133114.6,4,8,,23.146,M,39.415,M,1.6,0024*76,,Tree,,,GNSS,,,,1202734424,,,"Point;[590716.607],[6136806.892]",Tree,13
12,226,238,130622.25,4,11,,23.631,M,39.415,M,1.3,0024*74,,Tree,,,GNSS,,,,,,,"Point;[590747.525],[6136754.709]",Tree,15
13,225,237,130601.45,4,11,,23.475,M,39.415,M,1.5,0024*74,,Tree,,,GNSS,,,,,,,"Point;[590759.5837],[6136755.911]",Tree,16
14,224,236,130539.8,4,10,,23.525,M,39.415,M,1.8,0024*7F,,Tree,,,GNSS,,,,,,,"Point;[590771.2048],[6136757.001]",Tree,17
15,216,227,130122.75,4,10,,23.019,M,39.415,M,0.8,0024*79,,Tree,,,GNSS,,,,1034135478,,,"Point;[590777.409],[6136729.676]",Tree,18
16,215,226,130108.85,4,7,,22.87,M,39.415,M,1.9,0024*7D,,Tree,,,GNSS,,,,1034135475,,,"Point;[590773.3225],[6136729.257]",Tree,19
17,213,223,130041.3,4,7,,22.91,M,39.415,M,1.3,0024*75,,Tree,,,GNSS,,,,1034135476,,,"Point;[590769.5742],[6136728.799]",Tree,20
18,207,217,125852.05,4,11,,22.826,M,39.415,M,1,0024*7A,,Tree,,,GNSS,,,,1034135702,,,"Point;[590739.9249],[6136725.99]",Tree,21
19,205,215,125829.25,4,7,,22.953,M,39.415,M,1.3,0024*70,,Tree,,,GNSS,,,,1034135703,,,"Point;[590735.9046],[6136725.777]",Tree,22
20,202,212,125802.05,4,8,,22.953,M,39.415,M,2,0024*74,,Tree,,,GNSS,,,,1034135470,,,"Point;[590731.7504],[6136725.325]",Tree,23
21,187,197,125211.85,4,12,,22.928,M,39.415,M,0.9,0024*7E,,Tree,,,GNSS,,,,1034135473,,,"Point;[590764.2198],[6136710.408]",Tree,24
22,186,196,125200.8,4,11,,22.924,M,39.415,M,0.8,0024*76,,Tree,,,GNSS,,,,1034135705,,,"Point;[590760.3238],[6136709.978]",Tree,25
23,185,195,125148.15,4,10,,22.918,M,39.415,M,1.1,0024*77,,Tree,,,GNSS,,,,1034135706,,,"Point;[590756.3487],[6136709.661]",Tree,26
24,170,179,124450.95,4,8,,23.084,M,39.415,M,2,0024*7D,,Tree,,,GNSS,,,,1034135711,,,"Point;[590729.6419],[6136688.989]",Tree,27
25,169,177,124429.75,4,7,,22.771,M,39.415,M,1.8,0024*76,,Tree,,,GNSS,,,,1034135708,,,"Point;[590734.2001],[6136689.406]",Tree,28
26,166,174,124336.65,4,8,,22.792,M,39.415,M,0.6,0024*75,,Tree,,,GNSS,,,,1034135709,,,"Point;[590739.1133],[6136689.924]",Tree,29
27,114,119,110457.1,4,7,,22.94,M,39.413,M,1.1,0008*7D,,Tree,,,GNSS,,,,1103670864,,,"Point;[590661.1288],[6136729.368]",Tree,30
28,113,118,110443.5,4,7,,23.153,M,39.413,M,1.5,0008*7D,,Tree,,,GNSS,,,,1103670765,,,"Point;[590654.878],[6136728.419]",Tree,31
29,112,117,110427.25,4,7,,23.174,M,39.413,M,1.3,0008*70,,Tree,,,GNSS,,,,1103670440,,,"Point;[590657.2424],[6136722.854]",Tree,32
30,110,115,110327.85,5,6,,23.397,M,39.413,M,0.9,0008*7B,,Tree,,,GNSS,,,,1103670623,,,"Point;[590655.6799],[6136716.079]",Tree,33
31,109,114,110240.5,4,8,,23.085,M,39.413,M,1.5,0008*72,,Tree,,,GNSS,,,,1103670421,,,"Point;[590659.9383],[6136716.214]",Tree,34
32,102,106,105755.1,5,10,,22.006,M,39.413,M,1.1,0008*7D,,Tree,,,GNSS,,,,1067406484,,,"Point;[590677.8243],[6136704.308]",Tree,35
33,101,105,105704.2,4,9,,23.726,M,39.413,M,2.2,0008*77,,Tree,,,GNSS,,,,1103670438,,,"Point;[590679.2639],[6136717.493]",Tree,36
34,100,104,105652.5,4,11,,23.607,M,39.413,M,1.5,0008*75,,Tree,,,GNSS,,,,1103670854,,,"Point;[590675.5964],[6136717.294]",Tree,37
35,96,100,105550.7,4,10,,23.233,M,39.413,M,1.7,0008*78,,Tree,,,GNSS,,,,1103670643,,,"Point;[590671.6233],[6136722.746]",Tree,38
36,95,99,105539.2,4,11,,23.31,M,39.413,M,1.2,0008*7C,,Tree,,,GNSS,,,,1103670532,,,"Point;[590676.7474],[6136721.419]",Tree,39
37,94,98,105530.25,4,10,,23.632,M,39.413,M,1.3,0008*77,,Tree,,,GNSS,,,,1103670755,,,"Point;[590678.827],[6136725.639]",Tree,40
38,93,97,105519.85,4,11,,23.445,M,39.413,M,0.9,0008*73,,Tree,,,GNSS,,,,1103670626,,,"Point;[590683.3306],[6136723.934]",Tree,41
39,92,96,105459.75,4,14,,22.937,M,39.413,M,1.8,0008*78,,Tree,,,GNSS,,,,1103670842,,,"Point;[590693.4318],[6136728.364]",Tree,42
40,91,95,105448.15,4,12,,23.282,M,39.413,M,1.1,0008*77,,Tree,,,GNSS,,,,1103670502,,,"Point;[590692.413],[6136722.442]",Tree,43
41,90,94,105434.65,4,12,,22.539,M,39.413,M,1.6,0008*73,,Tree,,,GNSS,,,,1103670396,,,"Point;[590695.2436],[6136716.746]",Tree,44
42,89,93,105413.15,4,12,,22.953,M,39.413,M,1.1,0008*7A,,Tree,,,GNSS,,,,1103670365,,,"Point;[590705.2503],[6136714.83]",Tree,45
43,88,92,105335.7,4,10,,23.098,M,39.413,M,1.7,0008*7A,,Tree,,,GNSS,,,,1103670351,,,"Point;[590708.713],[6136685.76]",Tree,46
44,87,91,105314.1,4,9,,23.003,M,39.413,M,1.1,0008*7A,,Tree,,,GNSS,,,,1103670490,,,"Point;[590709.6413],[6136675.021]",Tree,47
45,86,90,105300.7,4,12,,22.356,M,39.413,M,1.7,0008*78,,Tree,,,GNSS,,,,1103670496,,,"Point;[590707.0091],[6136679.543]",Tree,48
46,85,89,105242.7,4,11,,23.18,M,39.413,M,1.7,0008*70,,Tree,,,GNSS,,,,1103670783,,,"Point;[590697.684],[6136679.82]",Tree,49
47,79,83,104821.7,4,5,,23.868,M,39.413,M,0.7,0008*79,,Tree,,,GNSS,,,,1103670627,,,"Point;[590673.2085],[6136687.412]",Tree,50
48,71,74,104519.2,4,8,,23.502,M,39.413,M,1.2,0008*71,,Tree,,,GNSS,,,,1103670586,,,"Point;[590685.5268],[6136663.9]",Tree,51
49,70,73,104508.9,4,8,,23.165,M,39.413,M,0.9,0008*74,,Tree,,,GNSS,,,,1103670759,,,"Point;[590689.8672],[6136661.378]",Tree,52
50,69,72,104456.95,4,8,,23.163,M,39.413,M,2,0008*7B,,Tree,,,GNSS,,,,1103670394,,,"Point;[590686.5717],[6136658.037]",Tree,53
51,66,69,104405.1,4,9,,22.22,M,39.413,M,1.1,0008*7D,,Tree,,,GNSS,,,,,,,"Point;[590691.2809],[6136655.71]",Tree,54
52,58,61,104124.55,4,10,,23.121,M,39.413,M,1.5,0008*73,,Tree,,,GNSS,,,,1103670542,,,"Point;[590706.6116],[6136647.557]",Tree,55
53,57,60,104117.1,4,12,,23.008,M,39.413,M,1.1,0008*77,,Tree,,,GNSS,,,,,,,"Point;[590708.4953],[6136644.41]",Tree,56
54,56,59,104104.95,4,10,,23.303,M,39.413,M,0.9,0008*7E,,Tree,,,GNSS,,,,1103670433,,,"Point;[590711.4614],[6136647.394]",Tree,57
55,55,58,104052,4,10,,22.88,M,39.413,M,2,0008*77,,Tree,,,GNSS,,,,1103670406,,,"Point;[590712.6072],[6136650.533]",Tree,58
56,48,51,103437.65,4,6,,23.52,M,39.413,M,1.6,0008*7F,,Tree,,,GNSS,,,,1103670514,,,"Point;[590739.2274],[6136653.822]",Tree,59
57,47,50,103350.35,4,5,,23.071,M,39.413,M,4.3,0008*72,,Tree,,,GNSS,,,,1103670754,,,"Point;[590728.9694],[6136651.24]",Tree,60
58,46,49,103332.45,4,8,,23.045,M,39.413,M,1.5,0008*75,,Tree,,,GNSS,,,,1103670391,,,"Point;[590724.6287],[6136651.838]",Tree,61
59,43,46,103216.85,4,12,,23.032,M,39.413,M,0.9,0008*7F,,Tree,,,GNSS,,,,1103670700,,,"Point;[590721.7491],[6136670.67]",Tree,62
60,42,45,103204.95,4,11,,23.123,M,39.413,M,0.9,0008*71,,Tree,,,GNSS,,,,1103670678,,,"Point;[590726.0534],[6136670.676]",Tree,63
61,40,43,103131.9,4,7,,23.189,M,39.413,M,0.9,0008*70,,Tree,,,GNSS,,,,1103670984,,,"Point;[590737.0117],[6136671.695]",Tree,64
62,39,42,103121.25,4,11,,23.02,M,39.413,M,1.3,0008*7F,,Tree,,,GNSS,,,,1103670519,,,"Point;[590741.5446],[6136672.231]",Tree,65
63,38,41,103056.2,4,10,,22.997,M,39.413,M,1.2,0008*70,,Tree,,,GNSS,,,,1103670364,,,"Point;[590743.748],[6136658.779]",Tree,66
64,37,40,103019.55,4,7,,23.046,M,39.413,M,2.5,0008*73,,Tree,,,GNSS,,,,1103670568,,,"Point;[590745.239],[6136654.231]",Tree,67
65,19,21,102339.75,4,12,,23.249,M,39.413,M,1.8,0008*72,,Tree,,,GNSS,,,,1103670869,,,"Point;[590788.6649],[6136676.537]",Tree,68
66,18,20,102327.6,4,9,,23.139,M,39.413,M,1.6,0008*75,,Tree,,,GNSS,,,,1103670846,,,"Point;[590786.721],[6136673.61]",Tree,69
67,17,19,102312.15,4,10,,23.185,M,39.413,M,1.1,0008*76,,Tree,,,GNSS,,,,1103670597,,,"Point;[590781.5982],[6136675.639]",Tree,70
68,16,18,102245.35,4,9,,22.965,M,39.413,M,1.4,0008*7B,,Tree,,,GNSS,,,,1103670861,,,"Point;[590766.5857],[6136675.189]",Tree,71
69,15,17,102234.55,4,12,,22.972,M,39.413,M,1.5,0008*72,,Tree,,,GNSS,,,,1103670695,,,"Point;[590761.8168],[6136673.886]",Tree,72
70,14,16,102219.55,4,11,,22.975,M,39.413,M,1.5,0008*7F,,Tree,,,GNSS,,,,1103670972,,,"Point;[590757.2229],[6136674.71]",Tree,73
71,10,12,102138.25,4,5,,22.917,M,39.413,M,1.3,0008*72,,Tree,,,GNSS,,,,1103670581,,,"Point;[590757.7121],[6136666.925]",Tree,74
72,2,3,101752.75,4,7,,23.082,M,39.413,M,1.8,0008*78,,Tree,,,GNSS,,,,1103670673,,,"Point;[590776.8167],[6136656.367]",Tree,75
73,248,261,132008.6,4,5,,23.533,M,39.415,M,1.6,0024*44,,Trash Can,,,GNSS,,,,,,,"Point;[590693.6681],[6136787.812]",Trash Can,76
74,247,260,131940.4,4,8,,22.462,M,39.415,M,1.4,0024*73,,Trash Can,,,GNSS,,,,,,,"Point;[590694.9932],[6136771.986]",Trash Can,77
75,68,71,104438.45,4,10,,22.023,M,39.413,M,1.5,0008*7B,,Trash Can,,,GNSS,,,,,,,"Point;[590685.1046],[6136652.329]",Trash Can,78
76,60,63,104149.05,4,7,,22.569,M,39.413,M,2,0008*7F,,Trash Can,,,GNSS,,,,,,,"Point;[590702.8697],[6136650.236]",Trash Can,79
77,54,57,104021.8,4,6,,22.398,M,39.413,M,1.8,0008*75,,Trash Can,,,GNSS,,,,,,,"Point;[590721.8885],[6136645.42]",Trash Can,80
78,36,39,102948.15,4,6,,22.506,M,39.413,M,4.2,0008*40,,Trash Can,,,GNSS,,,,,,,"Point;[590747.1347],[6136654.721]",Trash Can,81
79,29,32,102751.8,4,12,,22.138,M,39.413,M,0.8,0008*79,,Trash Can,,,GNSS,,,,,,,"Point;[590743.291],[6136670.799]",Trash Can,82
80,12,14,102202,4,6,,22.349,M,39.413,M,2,0008*72,,Trash Can,,,GNSS,,,,,,,"Point;[590756.0603],[6136672.267]",Trash Can,83
81,6,8,102021.55,4,9,,25.602,M,39.413,M,1.5,0008*7B,,Trash Can,,,GNSS,,,,,,,"Point;[590757.6586],[6136655.163]",Trash Can,84
82,408,425,114059.05,4,12,1.2,23.346,M,39.413,M,2,0007*7B,,Light Fixture,Standing,,GNSS,,,,1034152974,,,"Point;[590625.4822],[6136741.632]",Light Fixture,85
83,407,424,114016.9,4,13,0.9,23.507,M,39.413,M,0.9,0007*7A,,Manhole Cover,,,GNSS,,,,1034152864,,,"Point;[590638.1496],[6136736.635]",Manhole Cover,86
84,406,423,113956.6,4,11,1.6,23.227,M,39.413,M,1.6,0007*70,,unknown,,,GNSS,,,,,,,"Point;[590638.5873],[6136731.777]",unknown,87
85,405,422,113937.6,4,11,1.6,23.512,M,39.413,M,1.6,0007*78,,unknown,,,GNSS,,,,,,,"Point;[590638.9471],[6136725.525]",unknown,88
86,404,421,113901.4,4,11,1.6,23.736,M,39.413,M,1.4,0007*74,,unknown,,,GNSS,,,,,,,"Point;[590639.8312],[6136722.951]",unknown,89
87,362,379,111520.75,4,14,1,23.766,M,39.413,M,1.8,0007*77,,unknown,,,GNSS,,,,,,,"Point;[590682.3541],[6136652.614]",unknown,90
88,360,377,111445.2,4,14,1,23.601,M,39.413,M,1.2,0007*73,,Light Fixture,Standing,,GNSS,,,,1103669380,,,"Point;[590686.2933],[6136652.765]",Light Fixture,91
89,357,374,111258.95,4,14,1,23.539,M,39.413,M,0.9,0007*79,,unknown,,,GNSS,,,,,,,"Point;[590699.2511],[6136645.687]",unknown,92
90,589,607,132217.6,4,8,1.3,24.225,M,39.413,M,1.6,0013*7B,,Tree,,,GNSS,,,,,,,"Point;[590806.4336],[6136678.119]",Tree,93
91,588,606,132151.15,4,10,1.6,24.402,M,39.413,M,1.1,0013*75,,Tree,,,GNSS,,,,,,,"Point;[590805.8406],[6136683.026]",Tree,94
92,549,566,125519.15,4,7,2.4,26.677,M,39.413,M,1.1,0013*7A,,Tree,,,GNSS,,,,,,,"Point;[590797.6096],[6136820.201]",Tree,95
93,548,565,125451.9,4,7,2.4,26.75,M,39.413,M,1.9,0013*72,,Tree,,,GNSS,,,,,,,"Point;[590797.8368],[6136818.433]",Tree,96
94,547,564,125423.3,4,11,1.3,24.346,M,39.413,M,1.3,0013*70,,Tree,,,GNSS,,,,,,,"Point;[590791.7046],[6136817.948]",Tree,97
95,522,538,123847.9,4,8,1.8,25.033,M,39.413,M,0.9,0013*70,,Tree,,,GNSS,,,,,,,"Point;[590798.8775],[6136769.154]",Tree,98
96,521,537,123812.45,4,9,1.4,26.703,M,39.413,M,1.5,0013*74,,Tree,,,GNSS,,,,,,,"Point;[590802.2901],[6136770.088]",Tree,99
97,520,536,123624.85,4,11,1.2,25.805,M,39.413,M,0.9,0013*78,,Tree,,,GNSS,,,,,,,"Point;[590804.9043],[6136707.264]",Tree,100
98,519,535,123558.75,4,5,10.3,26.865,M,39.413,M,1.8,0013*47,,Tree,,,GNSS,,,,,,,"Point;[590806.154],[6136716.441]",Tree,101
99,518,534,123537.3,4,10,1.3,26.818,M,39.413,M,1.3,0013*7B,,Tree,,,GNSS,,,,,,,"Point;[590804.9807],[6136721.204]",Tree,102
100,509,525,122953.05,4,11,1,22.581,M,39.413,M,1,0013*71,,Manhole Cover,,,GNSS,,,,1103665858,,,"Point;[590746.1371],[6136681.342]",Manhole Cover,103
101,349,366,110934.85,4,14,0.9,23.561,M,39.413,M,1.9,0007*79,,Manhole Cover,Stone,,GNSS,,,,,,,"Point;[590715.752],[6136644.887]",Manhole Cover,104
102,546,279,125314.95,4,9,2,22.379,M,39.413,M,0.9,0013*7A,,Manhole Cover,Large,,GNSS,,,,1034152826,,,"Point;[590785.7427],[6136826.383]",Manhole Cover,105
103,529,268,124530.5,4,7,2.5,22.436,M,39.413,M,1.5,0013*78,,Manhole Cover,Large,,GNSS,,,,1034153057,,,"Point;[590702.352],[6136818.406]",Manhole Cover,106
104,565,263,130121.7,4,6,2.8,22.933,M,39.413,M,1.7,0013*72,,Manhole Cover,Stone,,GNSS,,,,,,,"Point;[590709.3741],[6136787.354]",Manhole Cover,107
105,532,262,124712,4,7,2.2,22.409,M,39.413,M,1,0013*76,,Manhole Cover,Large,,GNSS,,,,1034153061,,,"Point;[590705.7489],[6136782.17]",Manhole Cover,108
106,577,253,130715.15,4,8,1.3,22.419,M,39.413,M,1.1,0013*70,,Manhole Cover,Large,,GNSS,,,,1034152828,,,"Point;[590791.4259],[6136751.23]",Manhole Cover,109
107,573,251,130531.75,4,9,1.7,22.424,M,39.413,M,1.8,0013*7A,,Manhole Cover,Large,,GNSS,,,,1034152827,,,"Point;[590789.5104],[6136789.94]",Manhole Cover,110
108,535,244,124826.05,4,10,1,22.398,M,39.413,M,1,0013*78,,Manhole Cover,Large,,GNSS,,,,,,,"Point;[590702.9237],[6136751.332]",Manhole Cover,111
109,584,241,131234.55,4,6,4.8,22.376,M,39.413,M,1.5,0013*7B,,Manhole Cover,Large,,GNSS,,,,1034152861,,,"Point;[590708.657],[6136743.191]",Manhole Cover,112
110,582,235,131115.2,4,8,1.7,22.44,M,39.413,M,1.2,0013*79,,Manhole Cover,Large,,GNSS,,,,1034153298,,,"Point;[590738.753],[6136746.038]",Manhole Cover,113
111,578,234,130811.45,4,10,1.1,22.459,M,39.413,M,1.5,0013*7A,,Manhole Cover,Large,,GNSS,,,,1034153067,,,"Point;[590754.551],[6136747.526]",Manhole Cover,114
112,500,207,122624.7,4,10,1.2,22.426,M,39.413,M,1.7,0013*7F,,Manhole Cover,Large,,GNSS,,,,,,,"Point;[590711.4666],[6136714.156]",Manhole Cover,115
113,460,206,121015.15,4,14,0.8,22.591,M,39.413,M,1.1,0013*7F,,Manhole Cover,Large,,GNSS,,,,1034152859,,,"Point;[590741.3365],[6136717.282]",Manhole Cover,116
114,459,205,120937.1,4,12,1.1,22.577,M,39.413,M,1.1,0013*71,,Manhole Cover,Large,,GNSS,,,,,,,"Point;[590769.0811],[6136719.975]",Manhole Cover,117
115,458,204,120901.6,4,13,0.9,22.491,M,39.413,M,1.6,0013*72,,Manhole Cover,Large,,GNSS,,,,,,,"Point;[590795.6107],[6136722.531]",Manhole Cover,118
116,587,161,132124.2,4,11,1,22.47,M,39.413,M,1.2,0013*7A,,Manhole Cover,Large,,GNSS,,,,,,,"Point;[590799.4356],[6136686.734]",Manhole Cover,119
117,512,158,123050.45,4,11,1,22.556,M,39.413,M,1.5,0013*71,,Manhole Cover,Large,,GNSS,,,,,,,"Point;[590776.0951],[6136685.0]",Manhole Cover,120
118,505,153,122818.85,4,10,1.3,22.491,M,39.413,M,1.9,0013*7C,,Manhole Cover,Large,,GNSS,,,,,,,"Point;[590715.702],[6136678.436]",Manhole Cover,121
119,435,150,115622.2,4,12,1.2,23.482,M,39.413,M,1.2,0013*7B,,Manhole Cover,Large,,GNSS,,,,1034152862,,,"Point;[590678.5605],[6136740.305]",Manhole Cover,122
120,403,122,113835,4,11,1.6,23.779,M,39.413,M,2,0007*72,,Manhole Cover,Small Square,,GNSS,,,,,,,"Point;[590647.9719],[6136723.753]",Manhole Cover,123
121,375,112,112235.45,4,6,4.7,23.91,M,39.413,M,1.5,0007*78,,Manhole Cover,Small Round,,GNSS,,,,,,,"Point;[590652.9389],[6136690.6]",Manhole Cover,124
122,347,56,110857.75,4,14,0.8,23.629,M,39.413,M,1.8,0007*74,,Manhole Cover,Small Round,,GNSS,,,,1103665959,,,"Point;[590721.829],[6136647.114]",Manhole Cover,125
123,346,55,105945.9,4,12,1,23.603,M,39.415,M,1.9,0000*77,,Manhole Cover,Small Round,,GNSS,,,,,,,"Point;[590720.3291],[6136647.906]",Manhole Cover,126
124,329,36,104614.35,4,12,0.9,23.477,M,39.415,M,1.4,0000*7F,,Manhole Cover,Large,,GNSS,,,,,,,"Point;[590742.042],[6136664.446]",Manhole Cover,127
125,302,27,103539.95,4,11,1,23.482,M,39.415,M,0.9,0000*7E,,Manhole Cover,Large,,GNSS,,,,,,,"Point;[590776.9653],[6136667.821]",Manhole Cover,128
126,303,24,103615.95,4,12,0.9,23.604,M,39.415,M,0.9,0000*73,,Manhole Cover,Medium,,GNSS,,,,,,,"Point;[590791.9435],[6136655.331]",Manhole Cover,129
127,590,23,132257.25,4,11,1,22.383,M,39.413,M,1.3,0013*7B,,Manhole Cover,Medium,,GNSS,,,,,,,"Point;[590800.3831],[6136669.374]",Manhole Cover,130
128,308,6,103822.9,4,9,2.1,23.65,M,39.415,M,1.9,0000*77,,Manhole Cover,Large,,GNSS,,,,,,,"Point;[590775.4454],[6136653.22]",Manhole Cover,131
129,333,5,104837.25,4,9,2.2,23.559,M,39.415,M,1.3,0000*7B,,Manhole Cover,Small Round,,GNSS,,,,,,,"Point;[590760.9648],[6136652.397]",Manhole Cover,132
130,309,4,103847.05,4,10,1.6,23.527,M,39.415,M,1,0000*73,,Manhole Cover,Small Round,,GNSS,,,,,,,"Point;[590766.6069],[6136656.933]",Manhole Cover,133
131,564,288,130059.15,4,9,1.8,23.605,M,39.413,M,2.2,0013*77,,Light Fixture,Standing,,GNSS,,,,1034152906,,,"Point;[590707.3381],[6136799.112]",Light Fixture,134
132,538,287,125015.35,4,10,1.2,23.35,M,39.413,M,1.4,0013*7B,,Light Fixture,Standing,,GNSS,,,,1034152903,,,"Point;[590705.6642],[6136816.759]",Light Fixture,135
133,540,285,125053.1,4,9,1.3,23.634,M,39.413,M,1.1,0013*73,,Light Fixture,Standing,,GNSS,,,,1034152902,,,"Point;[590724.655],[6136818.481]",Light Fixture,136
134,542,283,125137.8,4,10,1.1,23.481,M,39.413,M,1.8,0013*72,,Light Fixture,Standing,,GNSS,,,,,,,"Point;[590743.7394],[6136820.245]",Light Fixture,137
135,544,281,125215.3,4,10,1.1,23.64,M,39.413,M,1.3,0013*79,,Light Fixture,Standing,,GNSS,,,,1034152900,,,"Point;[590762.6339],[6136822.055]",Light Fixture,138
136,524,273,124251.7,4,13,0.8,23.561,M,39.413,M,0.7,0013*72,,Light Fixture,Standing,,GNSS,,,,,,,"Point;[590742.0215],[6136840.054]",Light Fixture,139
137,526,271,124359.75,4,11,1.1,23.487,M,39.413,M,1.8,0013*7B,,Light Fixture,Standing,,GNSS,,,,1034152897,,,"Point;[590722.7072],[6136838.562]",Light Fixture,140
138,567,258,130217.4,4,8,2.1,23.846,M,39.413,M,1.4,0013*79,,Light Fixture,Standing,,GNSS,,,,1034152907,,,"Point;[590709.1198],[6136781.001]",Light Fixture,141
139,568,257,130307.75,4,9,1.7,23.594,M,39.413,M,1.8,0013*78,,Light Fixture,Standing,,GNSS,,,,1113474651,,,"Point;[590741.0598],[6136788.971]",Light Fixture,142
140,569,256,130332.1,4,9,1.2,23.726,M,39.413,M,1.1,0013*77,,Light Fixture,Standing,,GNSS,,,,1113474817,,,"Point;[590751.8985],[6136789.901]",Light Fixture,143
141,550,255,125605.65,4,10,1.1,23.461,M,39.413,M,1.6,0013*72,,Light Fixture,Standing,,GNSS,,,,1034152905,,,"Point;[590783.6077],[6136806.553]",Light Fixture,144
142,575,254,130623.05,4,9,1.6,23.33,M,39.413,M,1,0013*76,,Light Fixture,Standing,,GNSS,,,,1034152976,,,"Point;[590787.2058],[6136770.529]",Light Fixture,145
143,572,250,130514.55,4,8,2.1,23.486,M,39.413,M,1.5,0013*7D,,Light Fixture,Standing,,GNSS,,,,1034152977,,,"Point;[590785.2327],[6136788.187]",Light Fixture,146
144,571,248,130425.15,4,8,1.4,23.692,M,39.413,M,1.1,0013*79,,Light Fixture,Standing,,GNSS,,,,1113474623,,,"Point;[590753.2751],[6136774.234]",Light Fixture,147
145,570,247,130405.5,4,9,1.7,23.746,M,39.413,M,1.5,0013*71,,Light Fixture,Standing,,GNSS,,,,1113474640,,,"Point;[590742.8101],[6136773.688]",Light Fixture,148
146,583,239,131142.55,4,9,1.5,23.08,M,39.413,M,1.5,0013*70,,Light Fixture,Standing,,GNSS,,,,1034152909,,,"Point;[590721.1529],[6136748.637]",Light Fixture,149
147,579,233,130825.2,4,10,1.1,23.261,M,39.413,M,1.2,0013*7D,,Light Fixture,Standing,,GNSS,,,,1034152910,,,"Point;[590750.4253],[6136751.424]",Light Fixture,150
148,576,232,130651.05,4,10,1.1,23.089,M,39.413,M,1,0013*79,,Light Fixture,Standing,,GNSS,,,,1034152911,,,"Point;[590779.7757],[6136754.699]",Light Fixture,151
149,457,230,120825.6,4,13,0.8,23.346,M,39.413,M,1.6,0013*7F,,Light Fixture,Standing,,GNSS,,,,1034152916,,,"Point;[590790.9284],[6136730.795]",Light Fixture,152
150,452,224,120651.4,4,12,1,23.166,M,39.413,M,1.4,0013*7F,,Light Fixture,Standing,,GNSS,,,,1034152915,,,"Point;[590771.5494],[6136729.061]",Light Fixture,153
151,446,218,120301.9,4,14,0.8,23.198,M,39.413,M,0.9,0013*7F,,Light Fixture,Standing,,GNSS,,,,1034152914,,,"Point;[590752.4323],[6136727.239]",Light Fixture,154
152,438,209,115809.05,4,14,0.8,23.557,M,39.413,M,1,0013*70,,Light Fixture,Standing,,GNSS,,,,1034152912,,,"Point;[590714.4055],[6136723.456]",Light Fixture,155
153,480,203,121757.05,4,12,0.9,23.264,M,39.413,M,1,0013*7D,,Light Fixture,Standing,,GNSS,,,,1034152917,,,"Point;[590792.5841],[6136712.906]",Light Fixture,156
154,477,200,121640.65,4,12,1,23.054,M,39.413,M,1.6,0013*7F,,Light Fixture,Standing,,GNSS,,,,1034152918,,,"Point;[590773.3686],[6136711.455]",Light Fixture,157
155,470,194,121416.3,4,12,0.9,23.149,M,39.413,M,1.3,0013*71,,Light Fixture,Standing,,GNSS,,,,1034152919,,,"Point;[590754.1617],[6136709.458]",Light Fixture,158
156,466,189,121241.55,4,13,0.8,23.216,M,39.413,M,1.5,0013*7C,,Light Fixture,Standing,,GNSS,,,,1034152920,,,"Point;[590735.2811],[6136707.351]",Light Fixture,159
157,463,186,121124.95,4,12,1.1,23.403,M,39.413,M,0.9,0013*75,,Light Fixture,Standing,,GNSS,,,,1034152921,,,"Point;[590715.9481],[6136705.695]",Light Fixture,160
158,498,183,122528.65,4,12,1.1,23.28,M,39.413,M,1.6,0013*7E,,Light Fixture,Standing,,GNSS,,,,1034152922,,,"Point;[590717.993],[6136687.644]",Light Fixture,161
159,493,175,122320.4,4,10,1.3,23.3,M,39.413,M,1.4,0013*7F,,Light Fixture,Standing,,GNSS,,,,1034152923,,,"Point;[590737.1312],[6136689.867]",Light Fixture,162
160,489,172,122152.8,4,13,0.9,23.41,M,39.413,M,0.8,0013*7E,,Light Fixture,Standing,,GNSS,,,,1034152924,,,"Point;[590756.1815],[6136691.714]",Light Fixture,163
161,484,165,121935.15,4,11,1,23.164,M,39.413,M,1.1,0013*74,,Light Fixture,Standing,,GNSS,,,,1034152925,,,"Point;[590775.2922],[6136693.149]",Light Fixture,164
162,481,162,121842,4,11,1.1,23.254,M,39.413,M,1,0013*76,,Light Fixture,Standing,,GNSS,,,,1034152926,,,"Point;[590794.2897],[6136695.434]",Light Fixture,165
163,432,146,115513.7,4,15,0.8,23.486,M,39.413,M,1.7,0013*78,,Light Fixture,Standing,,GNSS,,,,1210520552,,,"Point;[590699.0127],[6136749.6]",Light Fixture,166
164,430,145,115428.45,4,14,0.8,23.498,M,39.413,M,1.5,0013*7C,,Light Fixture,Standing,,GNSS,,,,1210520553,,,"Point;[590697.0172],[6136771.881]",Light Fixture,167
165,425,144,115132.55,4,11,1.1,23.517,M,39.413,M,1.5,0013*7B,,Light Fixture,Standing,,GNSS,,,,1210520554,,,"Point;[590694.4681],[6136797.102]",Light Fixture,168
166,424,143,115100.2,4,11,1.1,23.506,M,39.413,M,1.2,0013*72,,Light Fixture,Standing,,GNSS,,,,1210520555,,,"Point;[590692.066],[6136822.11]",Light Fixture,169
167,426,142,115202.65,4,11,1,24.028,M,39.413,M,1.6,0013*71,,Light Fixture,Standing,,GNSS,,,,,,,"Point;[590682.7705],[6136791.255]",Light Fixture,170
168,428,141,115319.6,4,6,1.9,24.195,M,39.413,M,1.6,0013*73,,Light Fixture,Standing,,GNSS,,,,,,,"Point;[590671.7831],[6136789.817]",Light Fixture,171
169,427,140,115301.05,4,10,1.3,24.728,M,39.413,M,2,0013*76,,Light Fixture,Standing,,GNSS,,40036,,,,,"Point;[590661.9117],[6136788.953]",Light Fixture,172
170,423,138,114932.95,4,9,1.4,24.527,M,39.413,M,2,0013*77,,Light Fixture,Standing,,GNSS,,,,1034152956,,,"Point;[590658.3614],[6136796.296]",Light Fixture,173
171,420,137,114830,4,9,1.4,24.393,M,39.413,M,1,0013*78,,Light Fixture,Standing,,GNSS,,,,,,,"Point;[590660.9803],[6136772.082]",Light Fixture,174
172,415,134,114614.7,4,8,1.4,23.842,M,39.413,M,0.7,0013*70,,Light Fixture,Standing,,GNSS,,,,1034152955,,,"Point;[590667.706],[6136755.779]",Light Fixture,175
173,402,121,113813.25,4,12,0.9,23.967,M,39.413,M,1.3,0007*70,,Light Fixture,Standing,,GNSS,,40023,,,,,"Point;[590653.5418],[6136724.546]",Light Fixture,178
174,400,120,113711.05,4,13,0.9,23.518,M,39.413,M,1,0007*73,,Light Fixture,Standing,,GNSS,,40024,,1034152954,,,"Point;[590662.9634],[6136731.351]",Light Fixture,179
175,394,111,113313.45,4,15,0.8,24.038,M,39.413,M,1.5,0007*71,,Light Fixture,Standing,,GNSS,,,,,,,"Point;[590665.4083],[6136704.133]",Light Fixture,180
176,376,109,112312.65,4,12,1.2,24.043,M,39.413,M,1.6,0007*76,,Light Fixture,Standing,,GNSS,,,,,,,"Point;[590670.9019],[6136694.971]",Light Fixture,181
177,377,108,112346.05,4,13,0.8,23.669,M,39.413,M,2,0007*7B,,Light Fixture,Standing,,GNSS,,,,1103669242,,,"Point;[590693.8196],[6136697.281]",Light Fixture,182
178,392,101,113155.35,4,14,0.8,23.68,M,39.413,M,1.4,0007*71,,Light Fixture,Standing,,GNSS,,,,1034152988,,,"Point;[590671.01],[6136726.149]",Light Fixture,183
179,374,85,112159.6,4,11,1,24.127,M,39.413,M,1.6,0007*7C,,Light Fixture,Standing,,GNSS,,,,1034153008,,,"Point;[590667.1581],[6136684.729]",Light Fixture,184
180,370,82,112017.2,4,16,0.7,24.065,M,39.413,M,1.2,0007*71,,Light Fixture,Standing,,GNSS,,,,,,,"Point;[590692.2605],[6136687.168]",Light Fixture,185
181,371,81,112048.7,4,14,0.8,24.207,M,39.413,M,1.7,0007*78,,Light Fixture,Standing,,GNSS,,,,,,,"Point;[590680.1363],[6136686.086]",Light Fixture,186
182,368,77,111921.9,4,14,0.8,24.064,M,39.413,M,1.9,0007*75,,Light Fixture,Standing,,GNSS,,,,,,,"Point;[590694.0933],[6136667.096]",Light Fixture,187
183,366,76,111808.45,4,16,0.7,24.183,M,39.413,M,1.5,0007*74,,Light Fixture,Standing,,GNSS,,,,,,,"Point;[590682.5038],[6136665.662]",Light Fixture,188
184,367,75,111830.15,4,15,0.8,24.08,M,39.413,M,1.1,0007*73,,Light Fixture,Standing,,GNSS,,,,,,,"Point;[590681.3801],[6136665.177]",Light Fixture,189
185,358,67,111350.55,4,14,0.9,23.406,M,39.413,M,1.5,0007*74,,Light Fixture,Standing,,GNSS,,,,1103669300,,,"Point;[590698.2798],[6136653.674]",Light Fixture,190
186,345,48,105901.15,4,11,1.1,23.525,M,39.415,M,1.1,0000*72,,Light Fixture,Standing,,GNSS,,,,1103668991,,,"Point;[590721.1758],[6136652.176]",Light Fixture,191
187,339,44,105206.45,4,12,0.9,23.465,M,39.415,M,1.5,0000*70,,Light Fixture,Standing,,GNSS,,,,1034152930,,,"Point;[590732.3709],[6136670.42]",Light Fixture,192
188,300,26,103500.4,4,11,1,23.496,M,39.415,M,1.4,0000*7E,,Light Fixture,Standing,,GNSS,,,,1034152928,,,"Point;[590783.1855],[6136672.138]",Light Fixture,193
189,315,15,104101.5,4,12,0.9,23.519,M,39.415,M,1.5,0000*7A,,Light Fixture,Standing,,GNSS,,,,1103668986,,,"Point;[590757.1809],[6136671.357]",Light Fixture,194
190,320,10,104253.7,4,11,1.2,23.5,M,39.415,M,1.7,0000*74,,Light Fixture,Standing,,GNSS,,,,1103669248,,,"Point;[590758.1812],[6136659.283]",Light Fixture,195
191,304,1,103654.15,4,12,1.3,23.679,M,39.415,M,1.1,0000*7F,,Light Fixture,Standing,,GNSS,,,,,,,"Point;[590780.5189],[6136655.155]",Light Fixture,196
192,293,0,103047.45,4,12,0.9,23.347,M,39.415,M,2.5,0000*77,,Light Fixture,Standing,,GNSS,Second validation from here,,,1103669411,,,"Point;[590802.3145],[6136656.916]",Light Fixture,197
193,566,583,130149.7,4,8,2,23.256,M,39.413,M,0.7,0013*7D,,Fuse Box,,,GNSS,,,,,,,"Point;[590708.8932],[6136781.449]",Fuse Box,198
194,563,580,130035.4,4,8,2.2,23.645,M,39.413,M,1.4,0013*75,,Fuse Box,,,GNSS,,,,,,,"Point;[590709.1979],[6136802.031]",Fuse Box,199
195,517,533,123200.6,4,10,1.1,22.37,M,39.413,M,0.6,0013*78,,Downspout Grille,,,GNSS,,,,,,,"Point;[590800.5436],[6136701.502]",Downspout Grille,200
196,436,452,115643.65,4,13,0.8,23.39,M,39.413,M,1.6,0013*7D,,Downspout Grille,,,GNSS,,,,,,,"Point;[590680.2182],[6136735.936]",Downspout Grille,201
197,539,286,125034.1,4,10,1.9,22.766,M,39.413,M,1.1,0013*79,,Downspout Grille,Square,,GNSS,,,,1210521229,,,"Point;[590714.6397],[6136817.62]",Downspout Grille,202
198,541,284,125114,4,10,1.2,22.698,M,39.413,M,1,0013*72,,Downspout Grille,Square,,GNSS,,,,1202730954,,,"Point;[590733.9486],[6136819.351]",Downspout Grille,203
199,543,282,125157.05,4,8,2.3,22.752,M,39.413,M,2,0013*7A,,Downspout Grille,Square,,GNSS,,,,1202730953,,,"Point;[590753.1865],[6136821.11]",Downspout Grille,204
200,545,280,125234.55,4,8,1.4,22.726,M,39.413,M,1.5,0013*71,,Downspout Grille,Square,,GNSS,,,,1202730952,,,"Point;[590772.6658],[6136823.062]",Downspout Grille,205
201,525,272,124337.25,4,13,0.8,23.295,M,39.413,M,1.3,0013*72,,Downspout Grille,Square,,GNSS,,,,,,,"Point;[590732.1562],[6136839.273]",Downspout Grille,206
202,527,270,124427.1,4,8,1.9,22.389,M,39.413,M,1.1,0013*70,,Downspout Grille,Square,,GNSS,,,,1210521228,,,"Point;[590712.8475],[6136837.323]",Downspout Grille,207
203,528,267,124515.1,4,6,2.7,22.16,M,39.413,M,1.1,0013*7D,,Downspout Grille,Square,,GNSS,,,,,,,"Point;[590698.9015],[6136820.144]",Downspout Grille,208
204,530,266,124556.95,4,8,2,22.264,M,39.413,M,2,0013*7B,,Downspout Grille,Square,,GNSS,,,,,,,"Point;[590700.3451],[6136805.313]",Downspout Grille,209
205,531,264,124654.7,4,8,2.5,22.327,M,39.413,M,0.7,0013*7F,,Downspout Grille,Square,,GNSS,,,,,,,"Point;[590701.7778],[6136790.268]",Downspout Grille,210
206,533,259,124733.45,4,8,1.5,22.322,M,39.413,M,1.5,0013*73,,Downspout Grille,Square,,GNSS,,,,,,,"Point;[590702.9987],[6136776.706]",Downspout Grille,211
207,574,252,130601.05,4,9,1.7,22.3,M,39.413,M,1,0013*72,,Downspout Grille,Round,,GNSS,,,,,,,"Point;[590793.3525],[6136779.708]",Downspout Grille,212
208,534,245,124802.05,4,8,1.9,22.277,M,39.413,M,1,0013*77,,Downspout Grille,Square,,GNSS,,,,,,,"Point;[590704.4875],[6136761.926]",Downspout Grille,213
209,536,243,124838.85,4,9,1.2,22.344,M,39.413,M,1.9,0013*72,,Downspout Grille,Square,,GNSS,,,,,,,"Point;[590705.6101],[6136750.281]",Downspout Grille,214
210,537,242,124857.8,4,10,1.3,22.42,M,39.413,M,1.8,0013*7A,,Downspout Grille,Square,,GNSS,,,,1034152747,,,"Point;[590704.4605],[6136746.865]",Downspout Grille,215
211,437,240,115729.2,4,15,0.8,23.367,M,39.413,M,1.2,0013*7E,,Downspout Grille,Square,,GNSS,,,,1034152749,,,"Point;[590707.846],[6136735.301]",Downspout Grille,216
212,456,229,120812.05,4,11,1.2,22.35,M,39.413,M,2,0013*7F,,Downspout Grille,Square,,GNSS,,,,1034152762,,,"Point;[590786.1734],[6136729.494]",Downspout Grille,217
213,455,228,120755.4,4,13,0.8,22.459,M,39.413,M,1.4,0013*73,,Downspout Grille,Square,,GNSS,,,,1034152763,,,"Point;[590785.885],[6136731.74]",Downspout Grille,218
214,449,222,120546.7,4,14,0.8,23.385,M,39.413,M,1.7,0013*7F,,Downspout Grille,Square,,GNSS,,,,,,,"Point;[590768.2119],[6136727.744]",Downspout Grille,219
215,450,221,120619.15,4,14,0.8,23.276,M,39.413,M,1.1,0013*71,,Downspout Grille,Square,,GNSS,,,,,,,"Point;[590768.2133],[6136730.049]",Downspout Grille,220
216,448,220,120506.25,4,14,0.8,23.363,M,39.413,M,1.3,0013*71,,Downspout Grille,Square,,GNSS,,,,1034152756,,,"Point;[590753.8315],[6136726.377]",Downspout Grille,221
217,447,219,120440.6,4,14,0.8,23.376,M,39.413,M,1.6,0013*74,,Downspout Grille,Square,,GNSS,,,,,,,"Point;[590753.4856],[6136728.551]",Downspout Grille,222
218,444,216,120213.9,4,14,0.8,23.255,M,39.413,M,1.9,0013*77,,Downspout Grille,Square,,GNSS,,,,1034152757,,,"Point;[590739.7008],[6136725.018]",Downspout Grille,223
219,442,214,120044.15,4,14,0.8,23.262,M,39.413,M,1.1,0013*72,,Downspout Grille,Square,,GNSS,,,,,,,"Point;[590735.1309],[6136726.928]",Downspout Grille,224
220,440,211,115845.95,4,15,0.8,23.464,M,39.413,M,0.9,0013*71,,Downspout Grille,Square,,GNSS,,,,1103669801,,,"Point;[590719.303],[6136723.004]",Downspout Grille,225
221,439,210,115832.15,4,15,0.8,23.419,M,39.413,M,1.1,0013*77,,Downspout Grille,Square,,GNSS,,,,1034152750,,,"Point;[590718.9999],[6136725.227]",Downspout Grille,226
222,462,208,121102.3,4,12,1,22.383,M,39.413,M,1.3,0013*75,,Downspout Grille,Square,,GNSS,,,,1103669600,,,"Point;[590709.9892],[6136714.104]",Downspout Grille,227
223,479,202,121743,4,10,1.4,22.377,M,39.413,M,2,0013*7B,,Downspout Grille,Square,,GNSS,,,,1034152760,,,"Point;[590787.8376],[6136711.476]",Downspout Grille,228
224,478,201,121719.5,4,10,1.3,22.44,M,39.413,M,1.5,0013*73,,Downspout Grille,Square,,GNSS,,,,1034152761,,,"Point;[590787.6393],[6136713.747]",Downspout Grille,229
225,476,199,121620.35,4,11,1.1,22.377,M,39.413,M,1.4,0013*73,,Downspout Grille,Square,,GNSS,,,,1034152759,,,"Point;[590770.9821],[6136709.887]",Downspout Grille,230
226,475,198,121604.35,4,12,0.9,22.358,M,39.413,M,1.4,0013*77,,Downspout Grille,Square,,GNSS,,,,1034152758,,,"Point;[590770.889],[6136712.163]",Downspout Grille,231
227,471,193,121448.4,4,13,0.8,23.282,M,39.413,M,1.4,0013*75,,Downspout Grille,Square,,GNSS,,,,,,,"Point;[590753.5689],[6136708.352]",Downspout Grille,232
228,469,192,121355,4,11,1.2,22.384,M,39.413,M,2,0013*7C,,Downspout Grille,Square,,GNSS,,,,,,,"Point;[590754.1869],[6136710.515]",Downspout Grille,233
229,468,191,121318,4,8,1.5,22.437,M,39.413,M,2,0013*79,,Downspout Grille,Square,,GNSS,,,,1034152755,,,"Point;[590737.7165],[6136706.635]",Downspout Grille,234
230,467,190,121302.4,4,10,1.3,22.362,M,39.413,M,1.4,0013*71,,Downspout Grille,Square,,GNSS,,,,1034152754,,,"Point;[590737.5648],[6136708.926]",Downspout Grille,235
231,465,188,121213.4,4,12,0.8,22.411,M,39.413,M,1.4,0013*7A,,Downspout Grille,Square,,GNSS,,,,1034152753,,,"Point;[590721.0541],[6136705.029]",Downspout Grille,236
232,464,187,121146.35,4,5,2.4,22.789,M,39.413,M,1.4,0013*7D,,Downspout Grille,Square,,GNSS,,,,1034152752,,,"Point;[590721.6065],[6136707.116]",Downspout Grille,237
233,499,184,122551.65,4,12,0.9,22.365,M,39.413,M,0.6,0013*7D,,Downspout Grille,Square,,GNSS,,,,1103669971,,,"Point;[590712.0146],[6136692.684]",Downspout Grille,238
234,496,182,122413.35,4,9,1.4,22.439,M,39.413,M,1.4,0013*74,,Downspout Grille,Square,,GNSS,,,,1034152771,,,"Point;[590722.5133],[6136689.441]",Downspout Grille,239
235,497,181,122437.7,4,8,1.5,22.458,M,39.413,M,1.7,0013*79,,Downspout Grille,Square,,GNSS,,,,1034152770,,,"Point;[590722.6183],[6136687.14]",Downspout Grille,240
236,492,176,122257.25,4,12,0.9,23.502,M,39.413,M,1.3,0013*74,,Downspout Grille,Square,,GNSS,,,,1034152769,,,"Point;[590740.445],[6136689.075]",Downspout Grille,241
237,491,173,122238.9,4,13,0.9,23.458,M,39.413,M,1.9,0013*76,,Downspout Grille,Square,,GNSS,,,,,,,"Point;[590740.0354],[6136691.111]",Downspout Grille,242
238,488,171,122142.75,4,12,1.1,23.304,M,39.413,M,0.8,0013*74,,Downspout Grille,Square,,GNSS,,,,,,,"Point;[590757.1305],[6136692.673]",Downspout Grille,243
239,487,169,122041.3,4,11,1.3,22.416,M,39.413,M,1.3,0013*75,,Downspout Grille,Square,,GNSS,,,,1034152768,,,"Point;[590757.3583],[6136690.538]",Downspout Grille,244
240,485,167,121952.7,4,11,1.3,22.387,M,39.413,M,0.7,0013*7B,,Downspout Grille,Square,,GNSS,,,,1034152766,,,"Point;[590772.7903],[6136694.323]",Downspout Grille,245
241,486,166,122010.8,4,8,1.6,22.445,M,39.413,M,0.8,0013*79,,Downspout Grille,Square,,GNSS,,,,1034152767,,,"Point;[590772.8684],[6136692.036]",Downspout Grille,246
242,482,164,121857.85,4,9,1.5,22.461,M,39.413,M,0.9,0013*74,,Downspout Grille,Square,,GNSS,,,,1034152764,,,"Point;[590789.4161],[6136695.891]",Downspout Grille,247
243,483,163,121909.45,4,9,1.5,22.4,M,39.413,M,1.5,0013*73,,Downspout Grille,Square,,GNSS,,,,1034152765,,,"Point;[590789.6107],[6136693.646]",Downspout Grille,248
244,295,160,103239,4,10,1.2,23.361,M,39.415,M,1,0000*75,,Downspout Grille,Round,,GNSS,,,,,,,"Point;[590802.6699],[6136679.758]",Downspout Grille,249
245,515,159,123111.75,4,10,1.3,22.399,M,39.413,M,1.8,0013*7F,,Downspout Grille,Square,,GNSS,,,,1034152780,,,"Point;[590790.5087],[6136680.724]",Downspout Grille,250
246,511,157,123035.7,4,9,1.6,22.299,M,39.413,M,1.7,0013*7F,,Downspout Grille,Square,,GNSS,,,,1034152778,,,"Point;[590774.1406],[6136679.107]",Downspout Grille,251
247,510,156,123013.4,4,10,1,22.418,M,39.413,M,1.4,0013*7A,,Downspout Grille,Square,,GNSS,,,,1034152776,,,"Point;[590759.2354],[6136677.697]",Downspout Grille,252
248,508,155,122935.1,4,8,1.4,22.347,M,39.413,M,1.1,0013*7C,,Downspout Grille,Square,,GNSS,,,,1034152775,,,"Point;[590740.6173],[6136675.886]",Downspout Grille,253
249,507,154,122912.35,4,10,1.3,22.354,M,39.413,M,1.4,0013*78,,Downspout Grille,Square,,GNSS,,,,1034152773,,,"Point;[590727.6166],[6136674.633]",Downspout Grille,254
250,506,152,122843.05,4,11,1.2,22.347,M,39.413,M,1,0013*78,,Downspout Grille,Square,,GNSS,,,,1103669990,,,"Point;[590713.9406],[6136673.26]",Downspout Grille,255
251,385,151,112821.55,4,14,0.8,23.391,M,39.413,M,1.5,0007*7D,,Downspout Grille,Round,,GNSS,,,,1034152748,,,"Point;[590705.2847],[6136738.289]",Downspout Grille,256
252,434,149,115605.3,4,12,1.2,23.414,M,39.413,M,1.3,0013*79,,Downspout Grille,Round,,GNSS,,,,,,,"Point;[590679.4624],[6136744.452]",Downspout Grille,257
253,433,147,115533.9,4,15,0.8,23.413,M,39.413,M,0.9,0013*78,,Downspout Grille,Round,,GNSS,,,,,,,"Point;[590695.5747],[6136746.041]",Downspout Grille,258
254,421,139,114908.15,4,9,1.4,24.602,M,39.413,M,1.1,0013*74,,Downspout Grille,Round,,GNSS,,,,,,,"Point;[590658.5225],[6136791.911]",Downspout Grille,259
255,413,131,114511.15,4,10,1.6,23.442,M,39.413,M,1.1,0013*7D,,Downspout Grille,Square,,GNSS,,,,1034152870,,,"Point;[590654.1068],[6136741.977]",Downspout Grille,260
256,412,129,114448.8,4,12,0.9,23.477,M,39.413,M,1.8,0013*75,,Downspout Grille,Square,,GNSS,,,,1034152871,,,"Point;[590654.7221],[6136733.473]",Downspout Grille,261
257,411,128,114303.3,4,9,1.9,23.556,M,39.413,M,3.3,0007*7B,,Downspout Grille,Square,,GNSS,,,,,,,"Point;[590646.4833],[6136732.546]",Downspout Grille,262
258,350,54,110952.45,4,15,0.8,23.531,M,39.413,M,1.5,0007*72,,Downspout Grille,Square,,GNSS,,,,,,,"Point;[590715.2722],[6136649.444]",Downspout Grille,263
259,337,53,105107.1,4,11,1.2,23.424,M,39.415,M,1.1,0000*73,,Downspout Grille,Square,,GNSS,,,,1034152772,,,"Point;[590728.6674],[6136661.459]",Downspout Grille,264
260,335,52,105023.9,4,11,1.2,23.386,M,39.415,M,1.9,0000*79,,Downspout Grille,Square,,GNSS,,,,1103670043,,,"Point;[590734.6879],[6136662.049]",Downspout Grille,265
261,342,47,105312.55,4,12,0.9,23.435,M,39.415,M,1.5,0000*7F,,Downspout Grille,Square,,GNSS,,,,1103669749,,,"Point;[590722.6661],[6136660.888]",Downspout Grille,266
262,330,37,104636.05,4,11,1.2,23.42,M,39.415,M,1,0000*7B,,Downspout Grille,Square,,GNSS,,,,1034152774,,,"Point;[590740.5949],[6136662.703]",Downspout Grille,267
263,319,31,104235.35,4,11,1.2,23.404,M,39.415,M,1.4,0000*7E,,Downspout Grille,Square,,GNSS,,,,1103669774,,,"Point;[590760.0755],[6136664.469]",Downspout Grille,268
264,310,30,103911.85,4,12,1,23.413,M,39.415,M,0.9,0000*77,,Downspout Grille,Square,,GNSS,,,,1103669436,,,"Point;[590765.9684],[6136665.041]",Downspout Grille,269
265,306,28,103757.55,4,12,1,23.419,M,39.415,M,1.5,0000*79,,Downspout Grille,Square,,GNSS,,,,1034152777,,,"Point;[590772.0176],[6136665.591]",Downspout Grille,270
266,301,25,103522.7,4,11,1,23.366,M,39.415,M,0.7,0000*7F,,Downspout Grille,Square,,GNSS,,,,1103669907,,,"Point;[590782.3179],[6136666.546]",Downspout Grille,271
267,294,22,103106.25,4,12,0.9,23.349,M,39.415,M,1.3,0000*7D,,Downspout Grille,Round,,GNSS,,,,,,,"Point;[590804.152],[6136658.267]",Downspout Grille,272
268,419,136,114800.35,4,6,29.3,24.147,M,39.413,M,10.4,0013*78,,Chimney,,Big and grey,GNSS,,,,1095519974,,,"Point;[590660.0489],[6136757.579]",Chimney,273
269,418,135,114751.45,4,6,28.5,24.068,M,39.413,M,1.5,0013*4F,,Chimney,,Big and grey,GNSS,,,,1095519963,,,"Point;[590659.9494],[6136759.057]",Chimney,274
270,586,308,131757.75,4,7,2.9,24.043,M,39.413,M,1.8,0013*78,,Building Corner,,,GNSS,,,,,,,"Point;[590649.6067],[6136722.683]",Building Corner,275
271,397,116,113554.65,4,13,0.9,24.392,M,39.413,M,1.6,0007*70,,Bench,,,GNSS,,,,,,,"Point;[590661.1188],[6136721.34]",Bench,276
272,393,102,113240.4,4,15,0.8,24.659,M,39.413,M,1.4,0007*76,,Bench,,,GNSS,,,,,,,"Point;[590668.743],[6136714.414]",Bench,277
273,355,62,111218.25,4,13,1,23.915,M,39.413,M,1.3,0007*72,,Bench,,,GNSS,,,,,,,"Point;[590703.1341],[6136648.386]",Bench,278
274,324,38,104428.6,4,10,1.3,23.924,M,39.415,M,1.6,0000*77,,Bench,,,GNSS,,,,,,,"Point;[590746.5513],[6136657.101]",Bench,279
275,325,34,104451.45,4,11,1.2,23.935,M,39.415,M,1.5,0000*7E,,Bench,,,GNSS,,,,,,,"Point;[590745.197],[6136662.96]",Bench,280
276,326,33,104510.75,4,13,0.9,23.924,M,39.415,M,1.8,0000*77,,Bench,,,GNSS,,,,,,,"Point;[590743.8478],[6136668.817]",Bench,281
277,316,13,104119.75,4,13,0.9,23.913,M,39.415,M,0.8,0000*7A,,Bench,,,GNSS,,,,,,,"Point;[590756.2665],[6136670.073]",Bench,282
278,318,11,104210.65,4,10,1.2,23.957,M,39.415,M,1.6,0000*75,,Bench,,,GNSS,,,,,,,"Point;[590756.8389],[6136664.16]",Bench,283
279,321,9,104313.75,4,11,1.2,23.928,M,39.415,M,0.8,0000*74,,Bench,,,GNSS,,,,,,,"Point;[590757.4485],[6136658.043]",Bench,284
280,121,126,110817.45,5,11,,42.223,M,39.413,M,1.5,0008*79,,Manhole Cover,Large,,GNSS,,,,1034152864,,,"Point;[590638.5267],[6136736.208]",Manhole Cover,285
281,119,124,110709,5,5,,34.972,M,39.413,M,2,0008*73,,Manhole Cover,Small Square,,GNSS,,,,,,,"Point;[590629.8252],[6136724.375]",Manhole Cover,286
282,108,113,110117.7,5,9,,19.552,M,39.413,M,0.7,0008*71,,Manhole Cover,Small Round,,GNSS,,,,,,,"Point;[590651.766],[6136692.11]",Manhole Cover,287
283,103,107,105821.95,4,9,,21.439,M,39.413,M,0.9,0008*7E,,Manhole Cover,Stone,,GNSS,,,,1103666027,,,"Point;[590700.7994],[6136699.568]",Manhole Cover,288
284,63,66,104254.75,4,10,,21.663,M,39.413,M,1.8,0008*7F,,Manhole Cover,Stone,,GNSS,,,,,,,"Point;[590705.5405],[6136657.441]",Manhole Cover,289
285,62,65,104227.65,4,10,,21.906,M,39.413,M,1.6,0008*7A,,Manhole Cover,Large,,GNSS,,,,1034152856,,,"Point;[590716.1757],[6136662.117]",Manhole Cover,290
286,264,278,132648.3,4,7,,23.105,M,39.415,M,1.3,0024*78,,Light Fixture,Standing,,GNSS,,,,1034152901,,,"Point;[590781.7473],[6136824.222]",Light Fixture,291
287,263,277,132617.15,4,8,,23.028,M,39.415,M,1.1,0024*7B,,Light Fixture,Standing,,GNSS,,,,1034152896,,,"Point;[590779.8001],[6136843.831]",Light Fixture,292
288,261,275,132539.2,4,9,,23.053,M,39.415,M,1.2,0024*73,,Light Fixture,Standing,,GNSS,,,,1034152899,,,"Point;[590760.7541],[6136841.964]",Light Fixture,293
289,255,269,132344.45,4,9,,23.031,M,39.415,M,1.5,0024*7D,,Light Fixture,Standing,,GNSS,,,,1034152898,,,"Point;[590703.4487],[6136836.388]",Light Fixture,294
290,234,246,130943.95,4,7,,22.934,M,39.415,M,2,0024*7B,,Light Fixture,Standing,,GNSS,,,,1034152908,,,"Point;[590710.5403],[6136763.068]",Light Fixture,295
291,203,213,125811.35,4,9,,22.92,M,39.415,M,1.4,0024*75,,Light Fixture,Standing,,GNSS,,,,1034152913,,,"Point;[590733.4204],[6136725.508]",Light Fixture,296
292,142,148,112414.15,4,7,,23.387,M,39.413,M,1.1,0008*74,,Light Fixture,Standing,,GNSS,,,,1034152952,,,"Point;[590691.9084],[6136745.878]",Light Fixture,297
293,122,127,110907.6,5,6,,24.059,M,39.413,M,1.6,0008*73,,Light Fixture,Standing,,GNSS,,,,1034152974,,,"Point;[590624.99],[6136735.192]",Light Fixture,298
294,118,123,110656.7,5,5,,29.655,M,39.413,M,1.7,0008*40,,Light Fixture,Standing,,GNSS,,,,,,,"Point;[590643.0604],[6136722.292]",Light Fixture,299
295,83,87,105055.95,4,8,,23.778,M,39.413,M,0.9,0008*7C,,Light Fixture,Standing,,GNSS,,,,,,,"Point;[590664.0981],[6136663.387]",Light Fixture,300
296,82,86,105033.6,4,6,,23.923,M,39.413,M,1.6,0008*77,,Light Fixture,Standing,,GNSS,,,,1034153007,,,"Point;[590668.4292],[6136670.136]",Light Fixture,301
297,67,70,104422.75,4,10,,22.125,M,39.413,M,0.8,0008*77,,Light Fixture,Standing,,GNSS,,,,1103669380,,,"Point;[590685.913],[6136652.113]",Light Fixture,302
298,32,35,102836.25,4,10,,23.015,M,39.413,M,1.3,0008*70,,Light Fixture,Standing,,GNSS,,,,1103669265,,,"Point;[590744.0286],[6136662.526]",Light Fixture,303
299,262,276,132600.15,4,6,,21.5,M,39.415,M,1.1,0024*7D,,Downspout Grille,Square,,GNSS,,,,,,,"Point;[590771.0625],[6136842.998]",Downspout Grille,304
300,260,274,132521.25,4,7,,21.55,M,39.415,M,1.3,0024*7E,,Downspout Grille,Square,,GNSS,,,,,,,"Point;[590751.7621],[6136841.167]",Downspout Grille,305
301,120,125,110742.45,5,8,,21.318,M,39.413,M,1.5,0008*77,,Downspout Grille,Square,,GNSS,,,,,,,"Point;[590638.1173],[6136729.253]",Downspout Grille,306
302,84,88,105111.9,4,9,,22.111,M,39.413,M,0.9,0008*72,,Downspout Grille,Square,,GNSS,,,,,,,"Point;[590668.7161],[6136659.415]",Downspout Grille,307
303,65,68,104354.65,4,8,,21.737,M,39.413,M,1.6,0008*7B,,Downspout Grille,Round,,GNSS,,,,,,,"Point;[590690.9995],[6136649.655]",Downspout Grille,308
304,61,64,104216.7,4,10,,21.984,M,39.413,M,1.7,0008*70,,Downspout Grille,Square,,GNSS,,,,,,,"Point;[590714.3474],[6136659.793]",Downspout Grille,309
305,290,305,134114.2,4,7,,23.519,M,39.415,M,1.2,0024*7F,,Building Corner,,,GNSS,,,,,,,"Point;[590658.3813],[6136747.005]",Building Corner,311
306,76,80,104706.4,4,9,,24.301,M,39.413,M,1.4,0008*73,,Building Corner,Bikeshed,,GNSS,,,,,,,"Point;[590679.2224],[6136677.029]",Building Corner,312
307,75,79,104645.45,4,10,,24.386,M,39.413,M,1.5,0008*76,,Building Corner,Bikeshed,,GNSS,,,,,,,"Point;[590680.2824],[6136667.009]",Building Corner,313
